X1,X2,X3,X4,X5,X6,X7,X8,X9,X10,X11,X12,X13,Y (output)
69,11,3,3,3,17.8,850,3875,6831,0.57,56.52,113,360,115.8
30,7.5,3.2,2.8,3,16.5,225,1050,2016,0.52,35,35,315,101.4
33,4.5,3,3,2.5,15.6,148.5,469.46,1336.5,0.35,14.22,28.44,410,131.1
30,7.7,3.5,2.8,3,10.01,214,659,1969.8,0.33,21.66,43.33,465,118.3
21,7.7,3.8,3,2.5,10.09,140,525,1603.98,0.32,25,50,290,140.5
34,15,4.2,3.2,3,11.88,510,2800,6854.4,0.41,82.45,82.45,310,125.1
30,5.5,3.2,2.8,3,12.1,171,700,1568,0.45,23.33,23.33,400,116
44,8.4,3,2.5,3,11.09,262,875,1965,0.44,19.88,39.77,480,111.6
35,15,3,3,3,11.8,550,2750,4725,0.57,78.57,157.14,465,83.4
28,10,3.5,3,3,11.8,280,1275,2940,0.47,45.53,45.53,485,81.4
39,6,3,3,2.5,12.3,234,1025,1944,0.52,26.28,52.56,302,119.9
36,10.3,3.2,2.8,3,22.12,267,1350,2392.32,0.56,37.5,37.5,400,116
105,5,3.2,2.5,3,23.74,889,4333.3,7965,0.54,41.26,82.54,470,119.1
30,15,4,3,3,23.74,450,2500,5400,0.46,83.33,83.33,370,122
20,6.5,3.5,2.8,3,24.01,130,600,1274,0.47,30,60,280,119.6
61,8,4,3,3,24.3,488,2400,5856,0.41,39.34,78.68,400,121.5
40,9.5,3,3,3.5,10.1,300,1250,2610,0.47,31.25,62.5,380,112
70,70,4,2.8,2.5,10.9,420,2000,4704,0.42,28.57,57.14,470,124.3
30,15,4,3,3,11,450,2500,5400,0.46,83.33,83.33,480,120
35,12.5,3,3,2.5,11.74,175,575,1575,0.36,16.42,32.84,480,112.7
25,25,3.2,3,3,11.84,224.18,1080,2152.12,0.51,43.22,86.44,390,110
27,10,3.2,2.8,3,11.84,270,1375,2419.2,0.57,50.9,101.8,370,122
30,6.5,3.2,2.8,3,10.9,195,975,1747.2,0.56,32.5,64.6,300,119
25,13.8,3.2,2.8,3,7.9,183.75,825,1646.4,0.51,33,33,490,118
21,11.5,3.5,3,3,8.4,236.25,1250,2535.75,0.49,58.38,116.76,385,97.4
75,15,3,3,3,8.4,1125,5885,10125,0.58,78.47,156.94,430,115.9
28,8,3.2,3,3,7.3,224,1300,2150.4,0.6,46.43,92.86,330,99.5
16,12.8,3.2,3,3,7.606666667,209,975,206.4,0.49,60.94,121.88,383,119.1
33,11.1,4,3,3,7.606666667,510,2250,4212,0.53,68.18,136.36,430,125.3
24,7.5,3.2,3,3,8.61,180,925,1728,0.54,38.54,77.08,410,123.3
32,15,3.1,3.5,3,11.32,480,3075,5208,0.59,96.1,192.2,391,93.3
39,8.5,3.5,3,3,10.12,331,1750,3480,0.5,44.87,89.74,490,116.9
24,6,3,3,3,10.21,144,600,1296,0.46,25,50,350,124.2
58,7,4,3,3,10.85,406,2075,4872,0.42,35.77,71.55,460,125.2
30,15,3.5,3.2,3,10.94,450,2650,5040,0.53,88.33,176.66,385,99.4
43,7.5,3.2,3,3,11.28,322,1700,3096,0.59,42.5,42.5,340,112.9
32,15,4.2,3.2,3,11.48,480,2800,6451,0.43,87.5,87.5,410,78.7
48,"4,7",3.5,3,3,11.59,264,1000,2772,0.36,20.83,41.66,410,93.6
33,7,3,3,3,9.13,231,900,2079,0.43,27.27,27.27,380,90.1
32,8,3,3,3.5,8.16,256,1325,2304,0.57,41.4,41.4,310,99.4
40,6.5,3.2,2.8,3,8.25,250,1050,2329,0.45,26.25,52.5,320,97.8
22,15,3.5,3.2,3,9.34,330,2125,3696,0.57,96.59,193.18,370,118.1
77,"6,8",3.2,2.8,3,14.59,566,2150,5071,0.42,27.92,27.92,380,107.5
54,15,3.5,3.2,3,15.74,810,4625,9072,0.5,85.64,85.64,540,127.3
28,6,3.2,2.8,3,16.13,168,800,1505,0.53,28.6,28.6,340,100
37,7.5,3.2,3,3,9,277,1250,2664,0.47,33.8,33.8,340,100
30,10,3.5,3,3.5,10,300,1350,3150,0.42,45,45,365,119.8
114,8,3.5,3,3,10.48,912,3625,9576,0.37,31.79,63.58,480,125.3
40,4,4,3,2.5,10.59,400,550,1920,0.28,13.75,13.75,230,114
21,6,3,2.5,3,11,126,350,945,0.37,16.67,33.34,410,118
65,6,3.5,3,3,11,390,1675,4095,0.4,25.76,51.92,440,120.7
35,7.8,3.2,2.8,3,11.01,182,550,1631,0.34,15.7,31.4,295,119
34,7.8,3,3,2.5,11.12,170,400,1530,0.26,11.42,11.42,360,119.1
37,15,4,3,3,12.4,555,2800,6660,0.42,75.67,75.67,390,114
24,15,4,3,3,12.4,360,1725,4320,0.39,71.87,71.87,290,114
22,6,3.2,2.8,3,12.61,132,500,1183,0.42,22.72,45.26,405,119
38,6,3.2,2.8,3,12.15,228,1000,2043,0.49,26.32,26.23,310,117
39,6,3.2,2.8,3,10.64,234,800,2097,0.4,20.5,42,280,112
39,8.4,3.5,3.2,3,11.4,556,2625,6227.2,0.42,67.31,134.62,450,106.3
22,13,4,3,3,11.42,299,1500,3432,0.43,68.18,136.36,420,124.5
24,7.5,3,3,3,12.14,180,505.56,1620,0.31,21.06,42.12,432,112.4
42,15,4.2,3.2,3,13.48,630,3625,8467,0.42,86.3,172.6,410,122.7
53,15,4.2,3.2,3,13.48,795,4500,10684,0.42,84.9,169.81,420,122.7
19,10,3,3,3,13.48,190,825,1710,0.48,43.42,43.42,390,125.7
61,8.5,4,3,3,13.61,518.5,3125,61222,0.5,51.22,102.4,420,124.4
31,5.5,4,3,2.5,14.19,170,775,2046,0.37,25,50,390,117
14,4,3,2.5,2.5,7.12,56,100,420,0.24,7.14,7.14,330,100
20,8.9,3,2.8,3,8.52,108,425,907.2,0.47,21.25,21.25,320,110
20,15,3.5,3.2,3,8.94,300,1950,3360,0.58,97.5,97.5,480,129.8
24,5,3,3,3,9,120,400,1080,0.37,16.66,16.66,380,87.1
12,9.0,3,3,2.5,9,42,100,378,0.26,8.33,8.33,340,110.5
27,9,3,3,3,9,243,1000,2187,0.45,37.03,37.03,350,123
37,15,4.2,3.2,3,9,555,3250,7500,0.43,87.83,175.67,340,117
40,15,3.5,3.2,3,9,600,3300,6720,0.49,82.5,82.5,410,118.1
32,7,3.2,2.8,3,9,240,1000,2150,0.47,31.25,31.25,390,87.7
50,9.3,3.2,2.8,3,8,275,1350,2464,0.55,27,27,350,114.7
100,9.3,3.5,2.8,2.8,7,485,1750,4704,0.37,17.5,35,80,118.9
34,4,3.3,2.6,2.5,8,136,425,1166.8,0.36,12.5,12.5,110,119
33,4,3.3,2.6,2.5,6,132,425,1132.5,0.37,12.8,12.8,110,124.7
35,5,3,3,3,7,175,700,1575,0.44,20,40,80,123.6
30,8.9,3,3,2.8,6.9,150,500,1350,0.37,16.66,33.32,290,121.8
20,10,3,3,3,7.8,200,850,1800,0.47,42.5,42.5,340,117.1
61,6,3.2,2.8,3,8.16,366,1525,3279.6,0.47,25,50,390,110.6
36,6,3.2,2.8,3,9.12,216,875,193.36,0.45,24.31,48.62,290,120
29,15,3.5,3,3,10.7,435,2300,4567.5,0.5,79.31,158.63,310,124
73,8.9,4,3,2.5,11.16,423,2025,5080,0.39,27.73,55.47,490,120.2
61,8.9,3,3,3,11.12,405,2000,3645,0.54,32.78,65.57,390,90.1
36,8.9,3.3,2.6,2.8,11.81,162,450,1390,0.32,12.5,12.5,410,119
36,15.0,3.5,3.2,3,12.14,540,3000,6048,0.49,83.33,83.33,330,118.4
34,9.0,4,3,2.8,13.42,180.2,700,2162.4,0.32,20.58,41.17,420,133.1
53,9.0,3,2.8,3,14.17,480.5,2275,4032,0.56,42.92,85.84,390,138.5
35,9.0,3,3,2.8,14.49,175,575,1575,0.36,16.42,16.42,280,129.6
27,7,3,3,3,14.91,189,1000,1701,0.58,37.03,37.03,340,123.7
22,15,4,3,3,9.4,327,1750,3960,0.44,79.54,159,360,121
22,15,3.5,3.2,3,9.4,330,1800,3696,0.49,81.82,163.64,380,110
42,9.2,3.2,2.8,3,10.2,261,1150,2338,0.49,27.38,54.76,391,123
30,9.2,3.2,2.8,3,10.9,180,675,1612.8,0.42,22.5,45,395,117
28,10.0,4,3,3,2.8,280,1325,3360,0.39,47.32,94.64,370,112
26,7.0,3,3,3,3.9,182,875,1638,0.53,33.65,67.3,380,123
30,9.2,3,3,2.5,4.7,120,400,1080,0.37,13.33,26.66,280,119.8
32,9.2,3.2,2.8,3,5.1,205,875,1843,0.48,27,54,250,116
31,4.0,3.2,2.8,2.5,8.9,124,425,1111.04,0.4,13.71,27.42,230,114
26,15.0,3.5,3.2,3,10.14,390,2300,4368,0.53,88.46,176.92,320,121
36,9.2,3.2,2.8,3,10.14,316,1550,2831.4,0.55,43.06,86.12,390,100
22,9.2,3.8,3,3,10.14,248.81,1450,2843,0.51,65.9,131.81,360,122
40,9.2,3.2,2.8,3,11.12,280,1425,2508.8,0.57,35.62,71.24,370,110
41,15,3.5,3.2,3,13.14,615,3550,6888,0.52,86.59,86.59,410,123
24,7,3,3,3,12.13,168,800,1512,0.52,33.36,33.36,380,124.1
30,7,3,3,3,8.9,210,1000,1890,0.52,33.36,33.36,340,117
19,12,3.5,3,3,8.1,216,1125,2268,0.49,59.21,118.4,380,116
67,9.3,3,3,2.5,8.5,335,783,3015,0.25,11.68,23.37,230,112.8
24,5,3,3,2.5,9.68,120,525,1440,0.36,21.8,21.8,280,112.5
33,6,3.2,2.8,3,9.12,198,750,1774,0.42,22.73,45.56,310,112
26,15,3.5,3.2,3,10.14,390,2000,4368,0.46,76.92,153.84,370,123
30,15,4,3,3,10.14,450,2350,5400,0.43,78.33,156.66,280,119
38,15,4,3,3,10.14,570,3375,6840,0.49,88.81,177.63,380,100
31,4.5,3,3,2.5,10.42,142,550,1278,0.43,17.74,35.48,380,110
25,9.3,3.5,3,3,10.98,157,525,1648.5,0.31,21,42,380,85.1
24,6,3.5,3,3,9.15,144,675,1512,0.44,28.12,28.12,370,113.8
31,9.3,3.5,3,3,9.96,259,1325,2719.5,0.48,42.74,85.48,365,83.4
51,9.3,3.2,2.8,3,9.31,368,1300,3297.3,0.4,25.5,51,410,125.7
105,9.3,4,3,3,9.22,840,4375,1080,0.43,41.66,83.33,400,123.7
25,4,3,3,2.5,9.13,100,375,900,0.41,15,30,370,120.4
27,7,3,3,3,9.2,189,900,1701,0.52,33.33,33.33,365,125.1
30,7,3,3,3,9.3,210,1000,1890,0.52,33.33,33.33,365,125.1
21,15,4,3,3,9.2,315,1825,3780,0.48,86.9,173.8,280,127.5
32,8,3.2,2.8,3,9.1,336,1550,3010.6,0.51,36.9,36.9,250,100
45,9.23,4,3,3,9.6,258,1300,3102,0.41,37.53,75.06,200,129
40,9.17,4,3,3,3,600,3200,7200,0.44,80,160,370,110
21,9.20,3,3,2.5,4,88.2,350,793.8,0.44,16.66,16.6,280,123
9,9.22,3.2,2.8,3,5.6,81,200,725.76,0.3,22.22,22.22,310,110
41,9.21,3.8,2.8,3,5.9,225.5,1000,2400,0.41,24.39,48.78,430,96.6
40,9.23,3.4,2.7,2.8,6.2,179.9,675,1652,0.4,16.47,33.75,350,113.9
20,3,3,2.5,2,6.8,60,225,450,0.5,11.25,22.5,370,100
24,7,3,3,3,7.3,160,800,1512,0.52,33.33,33.33,320,126.5
27,7,3,3,3,7.1,210,825,1890,0.43,30.55,30.55,380,106
19,15,3.5,3,3,8.7,285,1700,2992,0.56,83.44,178.9,380,110
31,15,4.3,3.5,3,8.7,465,2925,6998.25,0.36,94.35,94.35,398,137.8
29,15,3.5,3.1,3,8.7,435,3025,4585,0.65,104.3,208.6,450,131
30,12-Jan,2.5,2.5,3,8.9,135.6,355.56,847.5,0.41,11.8,23.7,316,114.5
60,60,3.2,3,3,8.1,460,2200,4424,0.5,36.6,73.2,590,118.5
25,4,3,2.5,2.5,8.2,100,350,750,0.47,14,28,570,124.1
28,7,3,3,3,8.3,196,1000,1764,0.56,35.71,71.42,268,121.2
34,15,3,2.6,3,8.2,164.9,425,1286.2,0.33,12.5,12.5,512,119
23,6,3,2.5,3,8.5,138,575,1035,0.55,25,50,615,107.6
36,18.4,3,3,3,8.6,233,1075,2097,0.51,29.86,29.86,373,119.7
30,18.4,4,3,3,8.9,193,925,2316,0.39,30.83,61.66,300,120.5
19,18.4,3,2.5,3,9.1,114,516.68,867,0.59,27.19,54.38,360,118.3
22,15,4,3,3,9.4,330,1825,3960,0.46,82.95,82.95,162,119.2
56,16,3,2.5,3,9.4,493.5,1975,3296.25,0.59,35.26,70.53,530,121.7
23,17,3,2.5,3,9.4,206,1025,1545,0.66,44.56,89.12,606,86.5
52,18,3.2,2.8,3,11.68,360,1625,3232.1,0.5,31.25,31.25,522,116.5
36,19,3.5,3,3,12.21,157.9,525,1658,0.31,14.58,29.16,311,126.7
34,20,3.5,3,3,12.7,493,2700,5145,0.52,79.4,158.8,390,130
37,2,4.2,3.2,3,12.7,531.6,3536.12,7144.7,0.49,95.57,191.14,482,135.4
23,15,3.2,3,3,12.7,345,2000,3312,0.6,86.96,86.96,584,127.8
58,16.8,3.5,2.8,3,19.65,209.4,702.78,2052.12,0.34,12.11,24.23,380,116.9
35,14.1,3.5,2.8,3,19.13,164.2,722.24,1609.16,0.44,20.63,41.27,496,126.1
72,14.8,3.2,2.8,3,19.15189453,663,3025,5940.5,0.51,42.01,84.02,562,122.1
61,15,3.5,3.1,3,19.15189453,915,4925,9928,0.5,80.74,80.74,524,120.2
55,15,3,3,3,19.15189453,825,4600,7425,0.61,83.63,167.27,644,126.1
26,20,3,3,"2.5, 3",20.61,106,191.82,954,0.2,7.37,7.37,251,111.5
37,21,3,3,3,8.9,214.8,1000,1933.2,0.52,27.03,24.06,679,120.6
10,22,4,3.5,3,8.5,138,850,1932,0.44,85,117,679,120.6
60,23,3,3,3,8.5,690,3600,6210,0.57,60,120,578,104.9
25,3.5,3,2.5,3,6.9,87.5,125,656.25,0.19,5.56,11.12,584,86.5
56,15,4.2,3.2,3,16.28,840,5116,11289,0.45,91.36,182.73,521,135.4
39,25,3,3,3,15.36,217,950,1953,0.48,24.35,24.35,426,118.6
40,26,2.5,2.5,"2.5,3",14.19,180,500,1125,0.44,12.5,25,546,120.4
26,6,3,3,3,14.36,156,686.12,1404.48,0.48,26.38,26.38,520,118.6
32,21,2.5,2.5,3,13.97,215.16,850,1344.75,0.63,26.56,26.56,486,111.6
62,22,3.5,2.8,2,13.16,250.2,1005,2451.96,0.41,16.21,32.43,569,113
99,6,3,3,3,13.19,594,2525,5346,0.47,25.5,51,730,114
35,41,4.2,3.2,3,17.28,472,3025,6350,0.47,86.42,172.85,620,109
43,46,3.2,2.8,3,13.61,291.54,1200,2612.2,0.46,27.9,27.9,490,108
30,6,3,3,3,23.12,180,750,1620,0.46,25,25,340,110
30,14,3,2.5,3,23.18,170,533.76,1275,0.41,17.79,17.79,470,115.8
94,15,4,3.2,3,23.84,1410,8200,18048,0.45,87.23,174.46,300,140.5
53,12,4,3,3,6.8,388,1950,4656,0.41,36.79,73.58,280,126.3
30,16.6,3,3,3,7.9,267,1375,2403,0.57,45.83,45.83,310,112.8
18,16.9,3,3,3,8.778813071,189,975,1701,0.57,54.21,108.42,480,85.5
42,17.2,3,3,3.5,9.13,421,2050,3182,0.64,48.8,97.6,280,123.4
24,17.2,3.5,3,3,10.14222623,309,1800,3244.5,0.55,75,150,365,115.4
18,17.5,3,2.5,2.5,10.12,54,75,405,0.31,7,7,330,116.4
28,17.5,3,2.5,2.5,10.26,78,150,585,0.26,5.8,5.8,305,116.4
59,17.5,3.5,3,3,17.19169955,873.17,5025,9168.28,0.54,85.16,85.16,270,115
54,17.4,4.2,3.2,3,17.19169955,810,6000,10886.4,0.55,111.11,122.22,340,122
45,17.5,3,2.8,3,17.19169955,,2575,4650,0.55,57.22,114.44,360,124
28,17.5,3.5,3,3,17.19169955,432,3528,3528,0.49,62.5,125,390,126
34,17.6,3,3,3,16.98,156,666,1404,0.47,19.6,19.6,255,125
94,17.5,3,3,3,11.12,564,2450,5076,0.48,26.06,26.06,410,114.7
32,17.5,3.5,3,3,11.80021532,297.6,1800,3124.8,0.57,56.25,112.5,365,117.1
30,17.4,3.5,3.2,3,11.80021532,450,2775,5040,0.55,92.5,92.5,420,127.7
51,17.8,3.5,3.2,3,11.80021532,765,4700,8568,0.55,92.16,92.16,460,130.9
44,17.9,3.2,2.8,3,8.9,174,800,1559,0.56,18.18,36.36,460,130.9
22,17.9,3,3,3.5,9.889000504,286,1150,2574,0.44,52.27,104.54,410,110
30,18.0,3,3,3.3,9.889000504,274,1069,2466,0.43,42.66,85.32,370,84.3
23,18.1,3,3,3,9.6,108,325,972,0.33,14.13,14.13,295,93.6
30,18.2,4.2,3.2,3,11.72287638,360,1650,4838.4,0.34,55,110,370,90.9
28,18.3,3,2.5,1.8,10.51,111.5,341.68,836.25,0.41,12.2,24.4,290,109.9
68,18.3,3.2,3,3,10.21,532,2150,5107.2,0.42,31.61,55.61,430,131.4
63,18.2,3.8,3,3,10.96,471,1775,5369,0.33,28.17,56.34,360,124.4
29,18.1,4.2,3.2,3,11.49629485,316,1650,4247,0.38,56.89,56.89,270,126.1
41,18.0,4,3.5,3,11.49629485,517,3000,7238,0.41,73.17,146.34,365,126.1
31,5,3,3,2.5,11.45,155,575,1395,0.41,18.54,18.54,265,110.2
34,8,3,3,3,11.58,272,1408.32,2448,0.57,41.42,41.42,270,113.2
63,6.5,3.2,2.8,3,11.69,409.5,1725,3669.12,0.47,27.38,27.38,415,125
28,12,4.2,3.2,3,10.08,336,2250,4515.84,0.49,80.35,160.71,434,126.2
34,5,3,3,3,10.21,170,567.12,1530,0.37,16.68,33.36,278,115
20,7,3,3,3,10.29,140,667.2,1260,0.52,33.36,66.72,285,113.1
30,10,3.5,3,3,9.9,300,1600,3150,0.51,53.33,53.33,315,119.6
49,16.68367001,3.2,2.8,3,9.15,408,1200,2634.24,0.45,24.49,24.49,385,112.2
34,6,3,3,3,10.12,204,950,1836,0.51,27.94,27.94,235,106
34,16.53731837,3,3,3,12.64,182,658.32,1638,0.41,19.36,19.36,310,113.7
33,16.53731837,3.5,2.8,3,13.15,469.5,950,2263,0.41,28.78,28.78,260,94.1
53,12,3,3,3,14.8,636,3050,5724,0.53,57.54,115.09,287,112.6
31,6,3.5,3,3,15.14,180,775,1890,0.41,25,50,430,114
73,16.34154386,4,3,3,15.63,598.6,3750,7183,0.52,51.36,102.73,370,101.7
36,16.34154386,3.4,2.7,2.5,14.12,151,500,1388.01,0.39,13.88,13.88,410,120.1
36,4,3,3,2.5,13.54,144,625,1296,0.48,17.36,17.36,250,97.4
34,5,3,3,2.5,12.68,170,750,1530,0.49,22.05,22.05,310,122
24,7,3,3,3,11.16,168,800,1512,0.52,33.33,33.33,310,122
58,15.93880445,3,3,3,11.47,356,1850,3115,0.59,31.89,63.79,390,107.6
33,15,3.5,3.2,3,11.54,495,3350,5544,0.6,101.5,203,380,110
40,6,3.2,2.8,3,12.19,240,900,2150.4,0.42,22.5,45,350,110
50,10,3.5,3,3,13.9,500,2250,5250,0.42,45.1,90.2,510,107.8
30,15.74326476,4,3,3,13.9,188.5,1125,2262,0.49,85.53,173.07,310,117
21,4,3,3,2.5,12.31,84,300,756,0.39,14.28,28.56,400,113.8
15,6,3.2,2.8,3,12.61,90,375,806.4,0.47,25,50,390,126.4
11,4,3,3,2.5,12.47,44,175,396,0.44,15.9,15.9,340,120.6
31,7,3,3,3,11.36,217,1075,1953,0.55,34.67,34.67,330,120.6
51,15.28202236,3.2,2.8,3,11.25,382.48,1725,3427,0.5,33.8,67.6,220,101.7
28,15.28202236,4,3,3,10.61,215.6,1275,2587.2,0.41,45.53,91.01,430,117.6
87,15.28202236,3.5,2.7,2.5,10.15,348,1100,3288.6,0.33,12.64,25.28,450,117.6
25,15,3.5,3,3,9.9,375,1750,3937.5,0.44,70,140,390,100
30,12,3.2,2.8,3,9.9,360,1950,3225.6,0.6,65,130,365,123
63,3.5,2.8,2.6,2.5,11.86,220.5,350,1605.24,0.22,5.56,11.12,370,121
25,7,3,3,3,15.34,210,900,4575,0.57,36,36,310,120.9
30,4.5,3,3,2.5,17.91,120,425,1080,0.39,14.16,28.32,250,120.24
71,14.93444547,3,3,3,18.98688909,714,3750,6426,0.58,52.81,105.62,470,127.9
15,8,3.5,3,3,18.98,136,625,1260,0.49,41.66,83.4,320,123
28,4,3,3,3,13.46,112,350,954,0.36,12.5,25,340,118.9
40,14.75926026,3,3,3,12.75185205,370,2000,3330,0.6,50,100,410,120
26,14.75926026,3.2,2.8,3,12.75185205,233.5,1150,2092.16,0.55,44.23,44.23,420,110
8,15,3.5,3,3,12.75185205,300,650,1260,0.51,81.25,162.5,350,123
24,7,3,3,3,12.56,168,800,1512,0.52,33.33,33.33,420,92.7
36,8,4,3,3,12.34,288,1325,2456,0.38,36.8,73.11,370,116
65,14.62582306,3,3,3,11.03,496,2675,4469,0.59,41.15,82.3,245,121
15,5,3,3,3,11.03,75,150,675,0.22,10,20,384,129
30,14.53751276,3.2,2.8,3,10.70750255,300,1750,2688,0.65,58.33,58.33,370,112
70,15,3.5,3.2,2.5,10.70750255,1050,6150,11760,0.52,87.86,87.86,380,116
26,4.5,3,3,2.5,10.37,117,325,1053,0.3,12.5,25,290,112
37,8,3,3,3.5,11.9,296,1450,2664,0.54,38.92,77.84,510,117.5
20,5,3,3,3.5,12.6,100,350,900,0.38,17.5,17.5,370,117.2
48,11,4,3,3,13.8,528,3000,6336,0.47,62.5,125,360,112
28,10,3.5,3,3,13.8,280,1425,2940,0.48,50.89,101.78,360,123
32,9,3.5,3,3.5,15.63,297,1525,3024,0.5,47.65,95.31,360,110
40,6,3.2,2.8,3,16.85,240,1125,2150.4,0.52,28.13,28.13,340,128
20,6,3.5,3,3,17.6,120,500,1260,0.39,25,25,280,119.5
31,7,3.5,3,3,18.45,217,1100,2278,0.48,35.48,35.48,310,119.5
52,3.5,3,3,2,19.12,182,515,1638,0.35,11.05,22.1,400,113.7
75,13.91840003,2.8,3,3,19.54368001,926,4600,7778.4,0.59,61.33,122.66,540,119.7
77,13.91840003,3.5,3,3,19.54368001,1095,4125,11497.5,0.36,53.57,53.57,490,129.4
43,13.91840003,3,3,3,19.54368001,460,125,4140,0.51,49.41,98.83,550,112.9
45,4,3,3,2.5,20.98,180,500,1620,0.3,11.11,22.22,450,85.8
17,5.5,2.5,3,2.5,30.62,93.5,425,981.75,0.43,25,30,380,91.1
280,12,4,3,3,60.4,3360,19000,40320,0.47,67.85,135.7,740,99.8
37,4.5,3.5,3,2.5,59.36,173.9,500,1748,0.28,13.51,27.02,280,118.2
38,4.5,3.5,3,3,55.16,171,500,1795,0.27,13.15,26.31,240,130.2
37,5.5,3,3,2.5,50.19,203,875,1831.5,0.47,23.64,47.29,480,110.2
45,8,3,3,3,40.12,360,2000,3240,0.61,44.44,88.88,390,90.9
170,13.51054659,3.5,3,3,38.60210932,1482,8552.76,15561,0.55,50.31,50.31,450,124.9
97,6,3.2,2.8,3,36.85,582,2150,5214.72,0.41,22.16,44.32,380,103.9
60,9,3.5,3,3,37.56,360,2425,5670,0.42,40.41,80.83,410,124.2
36,8,3.5,3,3,30.18,288,1500,3024,0.49,41.66,41.44,220,125.4
25,8,3.5,3,3,13.01,200,825,2100,0.39,33,33,210,119.8
40,4.5,3,3,2.5,14.34,180,500,1620,0.3,12.5,12.5,220,119.7
42,13.27658504,3,3,2.5,15.68,176.6,300,1323,0.15,7.14,14.28,250,`123.7
40,4,3,3,2.5,16.36,160,625,1400,0.43,15.62,31.25,260,130.8
28,13.20984701,3.3,2.8,2.5,17.85,140,625,1293.6,0.48,22.32,22.32,310,120.1
62,13.20984701,3.2,3,3,16.8819694,785,5275,7536,0.68,83.47,83.47,370,121.2
49,13.20984701,3,3,3,15.34,295,1075,2655,0.4,21.93,43.87,390,115.6
44,15,4.3,3.2,3,13.9,660,4125,9081.6,0.45,93.74,187.5,430,115.9
43,5,3,3,2.5,14.6,215,875,1935,0.45,20.34,20.34,360,99.2
36,15,3.5,3,3,12.1,540,3500,5670,0.62,97.22,97.22,440,114.9
75,8,3.2,2.8,3,11.3,600,2400,5376,0.45,32,32,360,120
9,8,1.25,1,2.5,11.1,72,100,90,1.11,11.11,22.22,400,120
36,15,3,3,3,12,540,3000,4860,0.61,83.4,166.8,390,87.7
33,6,3,3,3,11.38,198,450,1782,0.25,13.64,27.28,380,127.2
40,13.07247165,3.3,2.7,2.5,10.61,232,900,2067.12,0.43,22.5,22.5,350,94.4
33,15,4,3.5,3,11.7,495,2545,6930,0.36,77.12,145.24,370,107.3
68,13.08523674,3.5,3,3,11.7,894,5100,9387,0.54,75,150,200,122.9
72,5.5,3,2.8,3,11.63,396,1375,3326.4,0.41,19.09,38.18,280,116.2
5,8,2.5,2,3,11.96,40,75,200,0.38,15,30,325,120.3
27,8,3,3,3,10.2,216,1150,1944,0.59,42.59,42.59,280,124.7
76,12.97068377,3,2.8,3,9.6,460,2000,3864,0.51,26.31,66.72,250,162.1
33,12.97068377,3,2.7,2.5,8.16,1015.74,275,0.27,8.33,16.66,16.66,250,117.1
30,12.97068377,3,3,3,8.67,156,450,1350,0.33,20,40,290,88.2
27,12.97068377,3.5,3,2.5,9.794136754,246,1270,2583,0.49,47.22,94.44,340,96
44,6,3,3,2.3,9.68,264,1275,2376,0.53,28.97,28.97,290,112.8
52,6,3,3,2.5,9.97,312,1100,2808,0.39,21.15,21.15,300,100.8
52,8,3.2,2.8,3,9.99,416,1500,3727.36,0.4,28.85,57.7,370,94.1
27,15,3.5,3,3,10.3,405,2275,4252.5,0.53,84.26,168.52,390,96
40,15,3.5,3,3,10.3,600,3150,6300,0.5,78.75,157.5,320,93
30,12.88011414,3,2.5,3,9.1,165,700,1225.5,0.57,23.33,46.66,280,128.1
21,15,4,3.5,3,9.3,315,1506.25,4410,0.34,71.72,143.45,320,93
50,15,3.5,3,3,9.3,750,4600,7875,0.58,92,184,360,112.7
64,12.905502,3.2,2.8,3,10.5,306.67,1150,2747.76,0.42,17.96,35.92,410,110.3
10,5.5,4,3.5,3,11.9,55,225,770,0.29,22.24,44.48,340,113.6
41,10,3,3,3,12,410,1625,3690,0.44,39.63,79.26,290,115.9
22,15,3.5,3,3,12,330,1625,3465,0.46,73.86,147.7,350,104.3
75,12.85745226,3.2,2.8,3,11.89,415,1350,3718.4,0.36,18,36,380,93
35,7,3.2,2.8,3,10.31,245,1250,2195.2,0.57,35.7,71.4,310,96.6
9,8,3,2.5,3,9.54,72,75,540,0.14,8.33,8.33,330,96.6
20,12.79587234,3.5,3,3,8.459174469,188,1025,1974,0.51,51.25,102.5,320,126
36,8,3,3,3,9.42,288,1500,2592,0.57,41.66,41.66,360,123
27,15,4.2,3,3,10.44,405,2250,5103,0.44,83.33,166.66,350,125
63,12.78122972,3,3,3,10.44,913.5,5150,821.5,0.62,81.07,163.49,430,125
48,12.78122972,3,2.8,3,10.44,416,1925,3500,0.55,40.1,80.2,340,119.4
18,15,3.5,3,3,10.44,270,1125,2835,0.4,62.5,125,370,100
60,8,3.2,2.8,3,12.89,480,1750,4300.8,0.41,29.17,58.34,390,100
51,15,4,3,3,15.2,765,4550,9180,0.49,89.21,178.42,380,118
40,5,3,2.5,3,14.63,200,900,1500,0.6,22.5,22.5,350,118
34,12.73683126,3.5,3,3,11.24736625,394,1900,4137,0.46,55.88,55.88,410,112
8,15,3.8,3,3,11.24736625,120,725,1368,0.52,90.62,90.62,310,125
28,12,4,3,3,11.24736625,336,1900,4032,0.47,67.85,135.71,330,125
35,7,3,3,3,11.15,245,1100,2205,0.49,31.42,31.42,340,133.3
75,9,3.2,2.8,3,11.14,675,2800,6048,0.46,37.33,37.33,420,115.6
31,11,3,3,3,10.2,341,1725,3069,0.56,55.6,111.3,390,119.2
32,7,3,3,2.5,11.13,224,1225,2016,0.6,38.28,76.56,370,115.5
45,6,3,3,2.5,13.12,270,1075,2430,0.44,23.88,23.88,310,125.6
51,12.62082173,3.3,3,3,14.58416435,455,2425,4505,0.53,59.14,118.29,290,121.8
9,8,2,2,3,13.15,72,325,288,1.13,36.11,36.11,360,120.1
41,12.59687965,3.5,3,3,12.61937593,414,2000,4347,0.46,48.78,48.78,345,116
35,8,3,3,3,12.54,280,1500,2520,0.59,41.7,41.7,370,119.1
44,12.57330591,2.5,3,3,13.01466118,434,1600,3135,0.51,36.36,72.72,320,97.4
33,10,3,3,3,13.01466118,310,1500,2970,0.5,46.96,93.93,330,112.3
80,15,4.2,3.2,3,13.01466118,1200,7575,16128,0.46,96.68,189.3,310,114.1
24,1.39,3,3,2.76,13.16,63,33.46,567,0.057,1.39,2.78,305,115.1
50,9,3.5,3,3,13.7,450,2050,4725,0.43,41,82,440,118
40,9,3.5,3,3,13.7,360,1350,3780,0.35,33.77,33.77,260,119
39,10,4,3,3,13.7,390,1875,4680,0.4,48.07,96.15,370,116.1
32,7,3.5,3,3,14.11,224,750,2352,0.31,23.43,46.87,320,112.4
35,9,3.5,3,3,14.19,315,1350,3307.5,0.4,40,40,290,120.3
50,9,3.3,3,3,15.18,450,2125,4725,0.44,42.5,85,380,110.1
11,8,3,3,3,15.17,88,300,792,0.37,27.27,54.54,290,117.1
60,10.5,4,3.2,3,16.14,630,3500,8064,0.43,58.33,116.66,340,91.7
50,10,4,3,3,16.14,500,2625,6000,0.43,52.5,105,320,115.5
70,15,4,3,3,16.14,1050,5325,12600,0.52,76.07,152.14,330,120.7
40,6,3.5,3,3,17.13,240,1100,2520,0.43,27.5,27.5,310,115.6
68,15,4.2,3.2,3,18.68,1020,5400,13708,0.39,79.41,158.82,370,92.7
27,10,3.5,3,3,18.68,270,1300,2835,0.45,48.14,96.29,390,132.3
27,10,3.5,3,3,18.68,270,1275.75,2835,0.45,48.14,96.29,320,97.4
91,10,3.5,3,3,18.68,910,4350,9555,0.45,47.8,47.8,480,87.1
43,4,3.2,2.8,2.5,16.78,172,450,1541.12,0.3,10.46,10.46,330,98.8
30,10,3.5,3,3,9.9,300,1275,3150,0.4,42.5,85,410,120.7
33,8,3.5,3,3,40.6,264,1400,2772,0.5,42.42,42.42,360,85.1
230,15,3.5,3,2.5,50.8,3450,20750,36225,0.57,90.22,180.44,390,132.4
24,10,3.5,3,3,40.18,240,1550,2520,0.59,62.5,62.5,460,117.6
36,6,3,3,3,10.16,216,875,1944,0.45,24.3,24.3,270,116
25,15,3.5,3,3,9.9,375,1700,3937.5,0.43,68,136,400,105.8
51,10,4,3,3,9.9,510,3100,6120,0.51,60.78,121.56,390,116.6
24,15,3.5,3,3,9.9,360,1600,3780,0.42,66.66,133.33,390,91.7
63,15,4.2,3.2,3,9.9,945,4575,12700.8,0.36,72.61,145.23,430,123
56,15,2.7,2.5,3,9.9,840,5350,5670,0.94,95.53,191.07,360,118
42,7,3,3,3,11.13,294,1175,2646,0.44,27.97,27.97,290,116
40,14,4,3,3,12.8,560,3675,6720,0.54,90.87,183.75,400,100
44,7,3,3,3,12.9,308,1250,2772,0.45,28.4,28.4,380,106
90,9,3.5,3,3,12.13,810,5000,8505,0.59,55.55,55.55,360,110
7,4,3,3,2.5,11.9,28,100,252,0.39,14.28,14.28,360,110
40,9,3.5,3,3,11.5,360,2250,3780,0.59,56.25,56.25,350,110
40,6,3.5,3,2.5,11.4,240,1267.6,2520,0.5,31.69,63.38,420,116
35,12,3.5,3,3,11.3,420,2325,4410,0.52,66.42,132.85,300,128
35,5,2.5,2,3,10.89,175,750,875,0.85,21.43,21.43,320,100
75,12.1122135,2.3,1.9,3,10.19,487.4,1975,2130,0.92,26.3,52.6,340,119
52,12.1122135,3,3,2.5,10.15,312,1361.12,2664,0.51,26.17,26.17,320,125
33,12.1122135,2.5,1.8,3,10.4824427,352,2000,1584,1.26,60.6,60.6,320,114
48,10.5,3.5,3,3,10.4824427,504,3000,5292,0.56,62.5,125,325,110
20,12.10543949,3.5,3,2.8,10.4824427,205,500,2152.5,0.23,25,50,315,106
115,12.10543949,2.8,2.5,3,10.45,540,2125,3780,0.56,18.48,18.48,330,108.4
15,5,2.5,2,3,11.58,75,250,375,0.61,15.33,15.33,380,80.1
32,8.5,3.5,3,3,12.15,272,1775,2856,0.62,55.46,55.46,320,132
45,12.06117966,3.5,3,3,13.31223593,437,2500,4843,0.51,55.55,55.55,320,111.5
41,12.06117966,3,2.5,3,13.31223593,512,2250,3843,0.58,54.87,109,320,103
45,12.06117966,3.5,3.2,3,13.31223593,699,3250,6708,0.48,72.22,144.44,325,129
60,8.5,3,3,3,13.31223593,510,2125,4590,0.51,35.41,70.82,280,120
20,4,3,3,2.5,13.91,80,275,720,0.38,13.75,13.75,300,114
40,13,3.2,2.8,3,12.4,520,2425,4659.2,0.52,60.62,60.62,250,117.8
39,4.4,3,2.5,2.5,14.6,171,500,1287,0.38,12.82,12.82,400,94.1
80,10,3.2,2.8,3,19.8,800,3875,3875,0.54,48.43,48.43,380,128.1
14,8,3,2.5,3,18.19,550,550,840,0.65,39.28,39.28,475,118.2
73,7,3,2.5,3,17.18,483,2500,3832,0.65,34.24,34.24,400,112.8
29,8.5,3,2.6,3,16.17,246,1025,1922,0.53,35.34,35.34,410,92.3
44,8,3,2.5,2.3,15.16,374,1700,2805,0.6,38.63,38.63,410,117.4
74,5,3,3,3,14.15,370,1125,3330,0.33,15.2,15.2,420,109.5
46,11.88780007,3,3.5,3,13.47756001,460,2475,4830,0.51,53.8,107.6,390,122.2
18,11.88780007,3.8,2.7,3,14.18,108,500,1108.8,0.45,27.77,27.77,350,133.3
40,10.5,3,3,3,11.9,420,2125,3780,0.56,53.12,53.12,405,116.6
19,11.882421,3,3,3,12.16,95,127.72,855,0.15,6.73,13.45,390,93.6
58,11.882421,3.5,3,3,15.8764842,565,3278,5932,0.55,56.51,113.03,375,97.4
70,11.882421,3.2,2.8,2.5,15.8764842,770,4675,6899.2,0.67,66.78,66.78,420,83.4
37,15,3.5,3,3,15.8764842,555,2700,5827,0.46,72.97,145.94,380,83.4
30,11.89432015,3.5,3,3,15.8764842,420,2100,4567.5,0.45,70,140,350,93
26,10,3.5,3,3,15.8764842,260,1375,2730,0.5,52.88,105.7,390,88.2
36,10,3,3,3,15.8764842,360,1575,3240,0.48,43.75,87.5,360,92.3
47,11.8800234,2.8,2.5,3,14.15,314.5,1250,2201.5,0.57,26.6,26.6,340,121.1
26,6,3,2.5,3,13.16,156,725,1170,0.61,25,50,340,112.4
9,10,1.5,1.5,3,5,90,325,202,1.6,36.11,36.11,350,113
27,10,3.2,2.5,3,5,270,1425,2160,0.65,52.78,52.78,390,114
33,15,3.5,3,3,5,495,2975,5197.5,0.57,90.15,180.3,340,115
53,7,3,3,3,12.19,371,1825,3339,0.54,34.43,68.86,380,115.3
48,11.83795654,4,3,3,13.96759131,504,3367,6048,0.55,70.14,140.29,395,123.4
48,11.83795654,4,3,3,13.96759131,504,3367,6048,0.55,70.14,140.29,395,123.4
29,8.5,3,3,3,13.96759131,246.5,1225,2218,0.55,42.24,42.24,350,118
32,7,3,3,3,31,224,1050,2016,0.52,32.18,32.18,340,118
135,15,4,3,3,32,2025,11350,24300,0.46,84.07,84.07,310,136
40,15,3,3,3,32,600,3050,5400,0.56,76.35,152.5,320,103.3
20,11.83127125,3.5,3,3,32,256,1500,2730,0.54,75,150,380,110
56,11.83127125,3,2.8,3,31,293,1000,2461.2,0.41,17.86,35.72,410,118.5
54,5,3,2.8,3,18.15,270,1000,2268,0.44,18.52,37.04,410,118.5
66,11.80687385,3.5,3,3,17.5,891,5250,9355.5,0.56,79.54,159.09,390,113.2
81,11.80687385,3,2.5,2.5,18.46,463,1875,3472.5,0.53,23.14,46.28,360,112.6
27,11,3.5,3,3,9.5,297,1675,3118.5,0.53,62.03,124.07,390,93.6
33,7,3,3,3,12.19,231,1009,2079,0.48,30.58,30.58,360,119.1
26,7,3,3,3,14.13,182,1025,1638,0.62,39.4,78.84,380,98.8
30,6,3,3,3,15.46,180,750,1620,0.46,25,25,350,123.9
92,8,3.2,2.8,3,16.15,736,3050,6594.56,0.46,33.15,66.3,320,103.8
63,15,4,3,3,17.6,945,5000,11340,0.44,79.36,158.72,380,99.9
25,4,3,2.5,2.5,18.16,100,275,750,0.37,11.12,22.24,410,89.2
74,11.72158625,4,3,3,19.14,758.5,4500,9102,0.49,60.81,121.62,380,117
120,10,4,3,3,19.14,1200,5175,14400,0.35,43.125,43.125,360,112
46,11.71567015,3.3,2.8,3,13.25,`336,1625,3104,0.52,35.32,70.65,380,116
45,11.71567015,3,3,3,12.56,286,1275,2835,0.44,28.33,28.33,350,113.1
18,5.5,3,3,2.5,11.15,99,400,891,0.44,22.22,22.22,340,107.5
35,8.5,3,3,3,10.5,297.5,1450,2677.5,0.54,41.42,82.84,350,107
92,11.6836995,3,2.8,3,12.9,465,1700,3906,0.43,18.47,18.47,360,116.5
46,13,3,3,3,13.6,598,2750,5382,0.51,59.78,119.5,360,108.8
74,11.68813149,3.5,3,3,13.6,810,2750,8505,0.32,37.16,74.32,340,120.1
51,11.68813149,3.3,3,3,13.6,462,2700,4851,0.55,52.92,105.88,330,116.5
100,11.68813149,3.5,3,3,13.6,982,5275,10311,0.51,52.75,105.5,350,115
35,11,3,3,3,13.6,385,1950,3465,0.56,55.71,111.42,380,106.3
37,12,4,3,3,13.6,444,2275,5328,0.42,61.48,122.96,430,92.7
32,9,3,2.5,3,13.6,288,1200,2160,0.55,37.5,75,390,119.4
40,4.5,3,2.5,2.8,12.97,180,625,1350,0.46,15.62,31.24,390,113.5
75,11.65440608,3.2,2.8,3,11.18,535,2200,4793.6,0.45,29.33,29.33,430,82.5
33,11.65440608,3,3,3,10.73,352,1950,3168,0.61,59.09,118.18,320,111.2
32,6,3,3,3,11.68,192,900,1728,0.52,28.12,28.12,380,107.7
14,11.63598782,1,0.9,3,12.54,105,168.98,94.5,1.79,12.07,24.14,280,120
20,4,3,3,3,13.63,80,166.8,720,0.23,8.34,16.68,280,120
48,15,3.5,3,3,14.5,720,3570,7560,0.49,78.13,156.26,380,116.5
24,6,3.2,2.8,3,15.01,144,675,1290.24,0.52,28.105,56.25,370,97.2
58,11.60412941,3.5,3,3,15.82,572,2800,5985,0.46,48.27,96.54,370,97.2
45,8.5,3,3,3,15.82,382.5,1875,3442.5,0.54,41.6,41.6,300,93.8
46,15,3.25,3,3,15.82,690,3580,6727.5,0.53,77.84,155.68,300,110
41,10.5,3,3,3,15.82,462,2050,3874,0.52,50.4,100.8,355,116.8
49,8,3.5,3,3,15.82,392,1925,4116,0.47,39.29,78.57,350,110
59,11.59015309,3.6,3.2,3,15.82,768,3675,8847.36,0.41,62.29,62.29,350,107.4
40,7,3,3,3.5,15.61,280,1250,2520,0.49,31.25,62.5,280,118.9
20,10,3,3,3,15.18,200,1080,1800,0.6,54,108,390,111.7
50,11.57077909,3,3,3,15.29,260,1135,2340,0.48,22.07,45.4,429,108.3
24,8.5,3,3,3,15.51,204,900,1836,0.48,37.5,37.5,280,125.1
32,11.5612128,3,3,3,15.84,221,1200,2016,0.59,37.5,75,380,119.6
150,11.5612128,3.2,2.8,2.5,15.91,1767,7825,15832.32,0.49,52.16,104.32,380,126
56,15,3.2,3.2,3,16.08,840,5500,11289,0.48,98.21,196.4,340,100
44,6,3,3,3,14.69,264,1200,2376,0.5,25.02,25.02,360,100
41,7,3,3,3,12.31,287,1375,2583,0.53,33.54,33.54,350,100
32,12,3,3,3,10.6,384,1872,3456,0.54,58.506,116.012,350,100
45,14,3.5,3,3.5,10.6,630,3675,6615,0.5,81.66,163.32,410,112
44,4,3.5,3,3,11.9,176,325,1848,0.17,7.38,14.77,320,117
94,2,3,2.5,1.7,11.15,188,261.32,1410,0.18,2.78,5.56,309,106
40,15,3.5,3,3,12.9,600,3336,6300,0.52,83.4,166.8,410,100
93,11.50837382,3.5,3,2.5,12.9,953,5625,10006.5,0.56,60.48,120.96,450,100
58,15,3.5,3,3,12.9,870,5500,9135,0.6,94.82,189.64,390,120
23,4,3,3,3,11.12,92,375,828,0.45,16.3,32.6,390,100
30,11.49634763,3,3,3.5,10.20,262.5,1400,2362.5,0.59,46.66,46.66,460,116
30,11.49634763,3.5,3,3,9.14,222,950,2331,0.4,31.66,63.33,380,112
24,11.49634763,3.5,3,3,9.00,281,1450,2950.5,0.49,60.41,120.82,380,100
115,15,3.6,3.2,2.5,9.00,1725,9475,19872,0.47,82.39,164.78,280,126
44,6,3,3,3,9.12,264,1111.12,2376,0.46,25.25,25.25,380,100
9,9,3,2.5,3,5.3,81,325,607.5,0.53,36.11,72.22,430,100
28,10,3,3,3,5.3,280,1400,2520,0.55,50.04,100.08,410,100
50,11.47879516,3,3,3,13.15,370,1350,3330,0.4,27,54,250,123
50,15,3.6,3.2,2.5,14.86,750,4500,8640,0.52,90,90,390,129.2
30,5,3,3,3,15.19,150,575,1350,0.42,19.16,38.33,430,121
18,11.47019752,3,3,3.5,16.96,157.5,875,1417.5,0.61,48.61,48.61,340,120
66,11.47019752,3.5,3,3,16.15,490,2567,5145,0.49,38.89,77.78,440,123.3
64,15,4,3,3,17.8,960,4800,11520,0.41,75,150,390,134
40,6,4,3,3,16.36,240,1000,2880,0.34,25.02,25.02,380,127
35,3,3,2.8,2.5,14.15,105,150,882,0.17,4.28,8.56,340,122
20,3,3,2.8,2.5,9.14,60,50,504,0.09,2.5,5,340,122
15,15,3.5,3,4,8.1,225,1208.34,2362.5,0.51,80.55,80.55,350,123
35,8.5,4,3,3,9.5,297.5,1225,3570,0.34,35,70,360,124.9
9,15,3.5,3,3,6.7,135,625,1417.5,0.44,69.44,69.44,430,107.9
79,11.42829558,4,3,3.5,6.7,972.94,4100,11675.36,0.35,51.89,103.79,480,120.9
68,15,4.2,3.2,3,6.7,1020,4271.22,13708.8,0.311,62.82,125.61,260,118
22,15,3.8,3.3,3,6.7,345,1500,4138.2,0.36,68.1,136.36,290,112
15,8,3.5,3,3,6.7,144,575,1260,0.41,38.33,76.66,300,127
58,15,3.6,3.2,2.5,6.7,870,5675,10022.4,0.56,97.8,195.6,320,125
50,5,3.2,2.8,3,21.96,250,1000,2240,0.44,20,40,230,117.7
90,15,3.6,3.2,2.5,22.86,1350,7525,15552,0.48,83.61,167.22,280,131.4
59,11.44060177,3.8,3.3,4,22.86,573,2300,7185.42,0.32,38.98,77.96,380,129
20,15,3.5,3,3.5,22.86,480,1275,3150,0.4,63.75,127.5,250,124
95,9,3.2,2.8,3,21.96,855,4600,7660.8,0.6,48.42,96.84,360,109.2
20,3,2.5,2,2.5,21.19,60,75,300,0.25,3.75,7.5,420,100.1
40,6,3.2,2.8,3,20.13,240,850,2150.4,0.39,21.25,42.5,420,100.1
17,3.5,3,2.5,2.5,19.15,59.5,100,446.25,0.22,5.88,11.76,390,109
70,15,3.6,3.2,2.5,18.86,1050,4925,12096,0.4,70.35,140.7,350,112
23,14,3.5,3,3,18.86,322,1500,3381,0.44,65.21,130.42,380,124.9
66,6,3.5,2.8,3.5,17.63,396,1375,3880,0.35,20.83,20.83,220,114
45,4.5,3,3,2.5,15.12,202.5,516.48,1822.5,0.28,11.47,11.47,220,115.9
49,15,4.2,3.2,3,14.88,735,5000,9878.4,0.5,102.04,204.08,240,100
18,15,3.6,3.2,2.5,14.88,270,1275,3110.4,0.4,70.83,141.66,290,104.7
19,5,3,2.5,2.5,13.15,95,225,712.5,0.31,11.84,23.68,390,115
39,9,3,3,3,11.4,351,1409.46,3159,0.44,36.14,36.14,380,124.4
31,9,3,3,3,11.4,279,1206.52,2511,0.48,38.92,38.92,400,123.4
21,15,3.5,3,3.5,11.4,315,1750,3307.5,0.52,83.33,166.16,380,93
43,15,3.8,3.3,3,11.4,645,3586.2,8088.3,0.44,83.4,166.8,380,122
31,4.5,3,2.8,3,12.91,139.5,350,1171.8,0.29,11.29,11.29,220,118
30,6,3,2.8,3,13.18,180,650,1512,0.42,22,44,390,116
70,6,3,2.8,3,14.15,420,1525,3528,0.43,21.8,43.6,300,136.7
57,11.33,3,2.5,3.5,15.5,600,2725,4500,0.6,47.8,95.6,380,89.2
33,11.20,3,3,3,12.18,280,1275,2520,0.5,38.63,77.27,390,112.1
28,11.22,3.5,3,3,9.7,364,1850,3822,0.48,66.07,132.15,490,111.7
70,8,3,2.8,3,10.19,560,2050,4704,0.43,29.3,29.3,380,94.6
19,6,3,3,3,16.18,114,400,2026,0.38,21.05,42.1,340,114
62,15,4.1,3.1,3,17.44,930,5050,11820.3,0.42,81.45,81.45,380,92.7
23,15,3.5,3,3,17.44,345,1550,3622.5,0.42,67.39,134,440,100
39,8,3,3,3,15.49,312,1500,2808,0.53,38.46,38.46,390,89.2
24,15,3.5,3,3,9.7,360,2000,3780,0.52,83.4,166.8,210,128
53,15,3.6,3.5,3,9.7,795,2375,10017,0.23,45,45,380,130.7
24,9,4,3,3,9.7,216,975,2592,0.37,40.62,81.25,480,121
30,6,3.3,2.8,3,24.15,180,500.4,1663.2,0.3,16.68,33.36,380,132
30,8,3,2.8,3,26.19,240,850,2217.6,0.38,28.33,56.66,310,125.7
45,6,3,2.5,3,25.15,270,750,2025,0.37,16.66,33.13,680,123.4
115,10,4,3,2.5,26.9,1150,5980.3,13800,0.45,52,104,280,124.7
80,15,3.5,3,3,26.9,1200,4300,12600,0.34,53.75,53.75,380,111.5
8,8,3,2.5,3,27.5,64,200,480,0.41,25,25,320,88.7
6,8,3,3,3,28.9,48,150,432,0.34,25,50,360,134.4
28,15,4,3.5,3,10.7,420,2000,5880,0.34,71.42,71.42,340,132.8
36,12,3.8,3.5,3,10.7,516,2275,5745,0.39,52.9,52.9,380,119.8
6,8,3,3,3,12.31,48,125,432,0.29,20.83,41.66,360,107.8
35,6,3,3,2.5,14.5,210,700,1890,0.37,20,40,420,126.7
55,11.27440616,3.5,3,3,15.15,663,2750,6961.5,0.59,50,100,340,130.1
6,8,3,3,3,11.18,48,150,432,0.34,25,25,360,121.3
53,6,3,2.8,3,10.16,318,1200,2671.2,0.44,22.64,45.28,340,116.5
7,8,3,3,3,9.45,56,200,504,0.39,28.57,57.14,360,111.5
6,4,1.5,1.5,3,8.17,24,30,54,0.55,5,10,310,109.4
24,6,3.2,2.8,2.5,7.16,144,445,1290.24,0.34,18.54,37.08,420,102.4
45,6,3,2.5,3,6.18,270,925,2025,0.45,20.5,41,320,119.6
3,8,2.5,2,3,5.14,24,100,120,0.8,33.3,33.3,300,120
8,11.19411142,1,1,3,4.84,90,350,90,3.88,43.75,175,310,121
11,12,1.5,1.5,3.5,5.90,148,400,333,1.2,36.4,72.8,340,125
126,15,4,3,3,30.20,1890,11550,22680,0.5,91.66,183.33,390,127
21,10,3,3,3,8.00,210,1050,1890,0.55,50,100,340,115.3
35,11.20236666,3,3,3,11.04,264,1375,2376,0.57,39.2,78.4,290,125
50,5,3,2.5,3,12.70,250,950,1875,0.5,19,38,310,130.7
27,11.18745712,3,2.5,3,9.34,159,575,1192.5,0.48,21.29,42.58,360,114.8
28,8,3.2,2.8,3,9.00,224,925,2007.04,0.46,33.03,66.06,330,130.7
52,15,3.6,3.2,3,15.36,780,4975,8985.6,0.55,95.67,191.34,370,123.9
15,14,3.3,2.5,4,15.36,210,1000,1732.5,0.57,66.66,66.66,200,113.3
19,8,3.2,2.8,3,16.15,152,800,1361.92,0.58,42.1,84.2,320,123.2
65,15,3.5,3.2,3,17.9,975,5825,10920,0.53,89.6,179.2,410,127
54,7,3.2,2.8,3,14.0,378,1825,3386.88,0.53,33.7,67.4,385,120.1
6,4,2,2,3,3.4,24,30.58,96,0.31,5.09,20.36,340,122.5
26,15,4,3,3,10.2,390,2219,4680,0.47,85.36,170.72,390,124.2
40,15,3.5,3,3,12.9,600,3700,6300,0.58,92.5,185,400,107.7
86,7,2.5,2.2,3,20.1,602,2500,3311,0.75,29.06,58.12,360,113.4
12,15,3,3,4,7.4,180,900,1620,0.55,75,75,123,132.6
8,15,3,3,4,6.6,120,600,1080,0.55,75,75,123,122.6
30,6,3.2,2.8,3,9.0,180,775,1612.8,0.48,25.83,51.66,380,113.3
30,6,3.5,3,3,9.1,180,675,1890,0.36,22.5,45,390,106
15,15,3,3,3.5,7.9,180,1125,2025,0.55,75,75,330,130
26,15,4,3,3,10.2,390,2325,4680,0.49,89.42,178.84,360,133
14,4,3,3,3,5.4,56,116.76,504,0.23,8.34,8.34,330,116
46,11.17320189,3,2.5,3,13.1,312,1450,2340,0.61,31.52,63.04,480,112
42,7,3,2.6,3,11.5,294,1150,2293.2,0.5,27.32,54.76,380,116
29,15,3.5,3,3,10.7,435,1150,4567.5,0.25,39.65,79.3,460,122
38,15,3.5,3,3,10.7,600,2825,6300,0.44,74.34,148.34,480,120
28,15,3.5,3,3,10.7,420,2150,4410,0.48,76.78,153.56,480,131
24,15,3,3,3.5,10.7,360,1811.1,3240,0.55,75.4625,75.4625,410,122
32,11.19850641,3.5,3,3,10.7,457.6,2075,4804.8,0.43,64.84,129.68,480,122
43,6,3,2.5,3,10.7,258,900,1935,0.46,20.9,41.8,430,122
55,11.18674508,3,2.5,3,10.7,410,1575,3075,0.51,28.63,57.26,440,122
38,15,3.5,3,3,10.7,570,3600,5985,0.6,94.73,189.46,520,122
62,11.1953335,3.5,3,3,10.7,948,5350,9954,0.53,86.29,172.58,510,118
6,15,3,3,3,10.7,90,500,810,0.62,83.4,83.4,620,118
60,15,3.5,3,3,10.7,900,4950,9450,0.52,82.5,165,390,118
85,7,3,2.5,3,10.7,595,2475,4462.5,0.55,29.12,58.22,360,118
12,5,1.5,1.5,3,10.7,60,175,135,0.55,29.12,29.16,290,123
25,9,3,3,3,10.7,225,1275,2025,0.55,29.12,102,560,116
12,14.5,3,3,3,10.7,174,1000,1566,0.55,29.12,83.33,330,126
26,22,4,3,3,10.7,572,3750,6864,0.55,29.12,144.23,420,106
83,6.78,3,2.5,3,10.7,562.74,2625,4220.55,0.55,29.12,175.12,380,118
64,15,3.5,3,3,10.7,960,6250,10080,0.55,29.12,195.3,330,122
95,14.8947,3.5,3,3,10.7,1414.9965,9250,14857.463,0.55,29.12,194.72,460,128
92,5.565,2.75,2.5,3,10.7,511.98,1925,3519.8625,0.55,29.12,64.5,360,122
70,6.5714,3,2.5,3,10.7,459.998,2000,3449.985,0.55,29.12,57.14,320,122
109,7.389,3,2.5,3,10.7,805.401,3750,6040.5075,0.55,29.12,68.8,300,125
46,15,4,3,3,14.2,690,4350,8280,0.55,29.12,189.13,320,130
85,11.19961548,3,2.5,3,15,625,2875,4687.5,0.61,29.12,67.64,340,120
43,11.19961548,3.3,3,3,12.70,583,3800,5791.5,0.65,29.12,176.74,420,129
26,6,3.5,3,3,13,156,675,1638,0.412087912,29.12,51.92,410,120
38,15,4,3,3,12.6,570,3775,6840,0.55,29.12,99.34,280,125
37,20,3.4,3.2,3,12.6,740,5225,8051.2,0.64,29.12,282.42,385,124
90,11.21556624,3,2.5,3,16,600,2600,4500,0.57,29.12,57.76,340,118
146,11.21556624,4,3,3,33.4,2422,14350,29064,0.49,29.12,196.56,400,100
36,5,3,2.5,2.5,9.8,180,625,1350,0.46,29.12,34.72,430,130
37,25,4,3,3,14.4,925,6500,11100,0.58,29.12,175.67,378,135
110,7,3,2.5,3,25.1,770,3600,5775,0.62,29.12,65.44,370,123
11,7,3,2.5,3,5.3,77,375,577.5,0.64,29.12,68.18,350,123
32,11.21373164,3,2.5,3,10.3,167,625,1108,0.56,29.12,39.06,390,106
130,7,3,2.5,3,29.1,910,3675,6825,0.3,29.12,56.52,340,120
49,6,3,2.5,3,12.7,294,1075,2205,0.48,29.12,43.86,360,130
56,11.19380043,3.5,3,3,15.3,425,1900,4462,0.42,29.12,67.85,460,116
70,11,3.2,3,3,18.0,770,3875,7392,0.52,29.12,110.7,370,136
70,16,3.5,3,3,19.1,1120,7075,11760,0.6,101.07,202.14,410,128
62,7,3,2.5,3,15.5,434,2350,3255,0.72,37.9,75.8,290,132
64,11.19467799,3,3,2.5,16.7,483,2450,4347,0.56,38.28,76.56,430,106
20,4.5,3,2.5,2.5,6.5,90,300,675,0.44,15,30,510,110
18,16,3,3,3,8.6,288,1375,2592,0.53,76.38,152.77,320,126
33,6,3,2.5,3,9.5,198,850,1485,0.57,25.75,51.5,660,126
58,6,3,2.5,3,14.5,348,1450,2610,0.55,25,50,320,127
140,7,3,2.5,3,31.1,980,3800,7350,0.51,27.14,54.28,260,118
27,8,3,3,3,8.8,216,1100,1944,0.56,40.74,81.58,280,116
25,11.15,3.5,3,3,9.13,335,1900,3517,0.54,76,152,360,118
47,11.15,3.5,3,3,13.53,396,1250,4155,0.3,26.59,53.19,610,106
48,5,3.5,3,2.5,12.40,240,875,2520,0.34,18.22,36.45,380,106
46,11.14,3,3,3,13.23,375,1600,3375,0.47,34.78,69.56,410,106
59,11.04,3,2.5,3,15.71,389,1625,2917.5,0.55,27.54,55.08,640,106
49,11.06,3.2,2.8,3,13.81,507,2750,4542.72,0.6,56.12,112.24,580,118
68,16,4,3,3,18.8,1088,5300,13056,0.4,77.94,155.88,390,126
45,16,4,3,3,18.8,720,3300,8640,0.38,73.33,146.66,450,106
31,15,4,3,3,18.8,465,2475,5580,0.44,79.83,159.67,580,112
98,8,3,3,3,18.8,784,2500,7056,0.35,25.51,51.02,280,120
22,4,2.5,2.5,2.5,18.8,88,210,660,0.34,8.33,16.66,580,106
85,11.15,3,3,3,18.8,726,2950,6534,0.45,34.7,69.4,315,116
27,11.05,3,2.5,5,18.8,189,900,1417.5,0.63,33.33,66.66,640,106
24,11.06,3,3,3,18.8,291,1475,2619,0.56,61.74,122.91,290,122
85,11.07,3,3,3,18.8,595,2250,5355,0.42,26.47,52.94,310,125
23,11.06,3.5,3,3.5,18.8,276,1458.32,2898,0.5,63.4,126.8,430,106
55,11.07,3.5,3,3,18.8,612,3500,6426,0.54,63.83,127.27,480,118
60,11.06,4,3.5,3,18.8,900,5050,12600,0.4,84.16,168.32,460,122
16,11.04,3,3,3,18.8,160,750,1440,0.52,49.87,93.74,450,112
23,11.03,4.2,3.2,3,18.8,552,3550,7418.88,0.47,154.34,308.38,450,126
115,11.02,3,3,3,6,805,2950,7245,0.4,25.65,51.3,380,125
28,11.01,3.5,3,3,8,224,1000,2352,0.42,35.71,35.71,430,112
35,6,3,3,3,10,210,875,1890,0.46,25,50,420,112
22,17,4,3,3,9.8,374,2550,4488,0.56,115.9,231.8,410,122
47,11.14711694,3,3,3,11,411,2250,3699,0.6,47.87,95.74,510,121
39,11,3.5,3,3,11.9,462,2425,4504.5,0.53,62.17,124.35,480,123
39,5,3.5,3,2.8,12,52.5,800,2047.5,0.39,20.51,41.02,550,106
30,10,3,3,3,9.8,900,1886.12,2700,0.69,62.87,125.74,530,106
30,11.13258305,4,3,3,9.8,610,4325,7320,0.59,144.17,288.34,380,116
30,16,4,3,3,9.8,480,3250,5760,0.56,108.33,216.67,370,112
17,9,3,3,3,9.8,153,711.8,1377,0.51,41.87,83.74,530,116
18,15,3.2,3,3,9.8,270,1725,2592,0.66,90.78,181.57,410,118
70,11.14537811,3.2,2.8,3,13,782,2700,7007,0.39,38.57,77.14,350,123
45,10,3.2,2.8,3,12.8,450,1750,4032,0.44,38.88,77.79,360,118
58,11.14316696,3,2.5,3,14,370,1400,2775,0.5,24.14,48.28,380,118
60,11.14316696,4,3,3,16.23,1196,6275,14356.6,0.43,104.58,209.16,410,127
20,14,3.75,3.25,3,16.23,280,1725,3412.5,0.5,86.25,172.5,540,127
7,11.14865032,3.5,3,3,16.23,38,50,399,0.12,7.14,7.14,570,128
75,23,3.5,3,3,16.23,1725,11275,18113,0.62,150.33,300.67,310,126
23,14,3.5,3,3,16.23,322,1750,3381,0.51,76.8,152.17,470,112
49,11.17670891,3,2.5,2.8,16.23,257.24,870,1929.37,0.45,16.66,33.56,240,112
43,11.17670891,3.5,3,2.5,16.23,519,3150,5449.5,0.57,73.25,146.51,410,120
32,18,3.6,3.2,3,16.23,576,3650,6636,0.55,114.06,228.12,380,106
43,11.18965633,3.6,3.2,3,16.23,670,4850,7718,0.62,112.79,225.58,570,106
75,11.18965633,3,2.5,3,16.23,420,1750,3150,0.55,23.33,46.67,340,106
30,10,3.5,3,3,9.9,300,1650,3150,0.52,55,55,320,131
54,7,2.5,2.5,2.8,13.76,378,1575,2362.5,0.66,29.16,58.33,316,130
16,18,3.6,3.2,3,8.76,288,2150,3318,0.64,134.37,268.75,310,128
60,6,3,2.5,3,14.9,360,1200,2700,0.45,20,40,320,125
27,13,3.5,3,3,9.9,351,1925,3685.5,0.52,71.29,142.59,330,119
10,12,3.5,3,3,9.9,120,725,1260,0.57,72.5,155,340,116
77,23,4,3,3,9.9,1771,10075,21252,0.47,130.84,261.68,430,120
56,11,3.5,3,3,9.9,616,3525,6468,0.54,62.94,125.94,410,121
28,11.20917728,2.5,2,2.5,9.9,108,233.34,540,0.43,15.73,31.47,380,123
72,7.5,3,3,3,9.9,540,2500,4860,0.51,34.72,69.44,360,124
70,7.5,3.5,3.2,3,9.9,560,3241.7,5880,0.55,46.31,92.62,340,125
24,7,3.5,3,3,9.9,168,800,1764,0.45,33.3,66.6,420,122
80,11.18768461,3,2.5,3,9.9,590,2475,4425,0.55,30.93,61.86,280,124
30,11.18768461,3,3,3,9.9,210,975,1890,0.51,32.5,65,420,106
36,15,3,2.7,3,11.9,540,3000,4374,0.68,83.33,166.66,360,106
31,11.19469255,3,3,3,10.2,189,750,1701,0.44,24.19,24.19,410,106
58,11.19469255,3,3,3,15.6,435,2175,3915,0.55,37.5,37.5,370,106
51,25,4.2,3.2,3,17.28,1275,9225,17316,0.53,180.88,361.76,390,126
35,25,4.2,3.2,3,17.28,875,5000,11760,0.42,142.85,285/75,380,127
31,20,4,3,3,17.28,800,5350,7440,0.71,172.58,345.16,370,128
58,9.5,3,3,3,17.28,551,2950,4959,0.59,50.86,101.72,360,129
28,14,3.5,3,3,17.28,392,1875,4116,0.45,66.96,133.92,350,127
40,11.26279878,3,3,2.5,15,263.5,1250,2371.5,0.52,31.25,62.5,350,126
35,19,4,3,3,12.8,665,4300,7890,0.53,122.85,245.7,348,124
75,8,3,3,3,18.4,600,3000,5400,0.55,40,80,368,120
33,11.27087532,3,3,3,10.7,393,2125,3537,0.6,64.39,128.78,360,119
39,5,3,3,3,10.6,195,650,1755,0.37,16.66,33.33,380,115
46,7.6,3.5,3,3,12.6,349.6,2075,3915.52,0.52,45.1,90.2,390,112
52,11.25302658,3,3,3,14.5,387,1925,3483,0.55,37.01,74.03,400,110
30,11.25302658,3,3,3,10.1,310,1575,2790,0.56,52.5,105,430,119
45,9,3,2.5,3,12.5,405,1750,3075.5,0.57,38.88,77.77,400,123
19,12,3.5,3,3,8.1,228,1675,2394,0.69,88.15,176.3,450,112
30,11,3,3,3,10.0,330,1875,2970,0.63,62.5,125,430,114
18,8,3,2.5,3,6.9,144,750,1080,0.69,41.66,83.22,410,116
41,11.2,3,3,3,12.2,360.5,2200,3244.5,0.67,53.65,107.3,340,125
44,6,3,2.6,3,11.7,264,1250,2059.2,0.6,28.4,56.8,360,125
61,11.2,3.1,2.8,3,16.23,625,3500,5425,0.64,57.37,114.75,380,127
36,19,3.6,3.2,3,12.96,684,5400,7879.68,0.68,150,300,380,124
22,24,4,3.3,3,11.26,528,4400,6969.6,0.63,200,400,410,110
30,9,3.5,3,3,9.70,270,1700,2835,0.59,56.66,113.33,530,114
54,14,3.5,3,3,15.5,756,4050,7938,0.5,75,150,400,116
30,20,3.6,3.2,3,15.5,600,4700,6912,0.67,156.66,313.32,400,110
90,11.29,4.2,3.2,3,15.5,1815,12850,24393,0.52,142.77,285.55,300,124
51,11.20,3.2,3,3,15.5,702,3150,6739.2,0.46,61.76,123.52,370,133
35,11.21,3.6,3.2,3,15.5,490,2900,5644.8,0.51,75,150,460,106
61,11.22,3.6,3.2,3,15.5,774,4525,8916.48,0.5,74.18,148.36,390,130
40,11.22,3.6,3.2,3,15.5,532,3500,6128.64,0.57,87.5,175,380,126
38,11.22,3.6,3.2,3,15.5,805,5325,9273.6,0.57,140.13,280.26,370,124
25,11.21,3.8,3.3,3,15.5,674,5125,8451.96,0.59,205,410,450,121
54,11.20,3,2.5,3,15.5,472,2275,3540,0.64,42.12,84.25,620,119
21,11.19,3,3,2.8,15.5,95.5,425,859.5,0.49,20.23,40.47,600,111
43,11.18,3,2.8,2.8,15.5,233,700,1957.2,0.35,16.27,32.55,580,109
34,9,3,3,3,15.5,306,1561.11,2754,0.56,45.9,91.8,430,106
23,8,3.5,3,3,15.5,184,874.92,1932,0.45,38.04,76.08,400,116
20,15,3.6,3.2,3,9.0,300,1875,3456,0.54,93.75,187.5,450,110
16,11.28,2.5,2.5,2.8,7.0,64,150,400,0.37,9.41,18.82,240,125
131,11.20,3.2,2.8,3,30.2,826,2900,5465,0.53,22.13,44.27,590,106
33,11.21,3.8,3.2,3,10.8,714.78,5500,8691.72,0.63,166.66,166.66,510,110
27,11.22,3.5,3,3,9.5,202.5,1125,2126.25,0.52,41.66,83.32,510,100
87,11.21,3.6,3.2,3,21.6,1312.5,7600,15120,0.5,87.35,174.7,390,110
47,11.22,3.75,3.25,3,13.6,586,3450,7141.8,0.48,73.4,146.8,440,116
20,15,3.75,3.25,3,9.0,300,1800,3656.25,0.49,90,180,470,116
21,15,3.6,3.2,3,9.2,315,2150,3402,0.63,102.34,204.76,470,110
31,5,2.8,2.5,2.8,8.8,155,625,1085,0.57,20.16,40.32,410,119
58,11.28,3,3,3,15.7,506.9,2175,4562.1,0.47,37.5,75,470,125
33,11.20,3.6,3.2,3,10.8,685,4375,7891.2,0.55,132.57,265.14,430,122
53,11.21,3.5,3,3,14.7,782,5000,8211,0.6,94.34,188.68,480,112
43,11.22,3.6,3.2,3,12.8,628,3600,7234.56,0.49,83.72,167.44,380,116
53,11.21,3.6,3.2,3,14.8,1149.04,7225,13236.94,0.54,136.32,272.64,360,120
44,11.22,3.5,3,2.8,12.9,306,1700,3213,0.52,38.63,77.27,510,116
19,11.21,4,4,3,8.2,190,1109.22,2280,0.48,58.38,116.76,330,120
27,11.28,3.5,3,3,9.6,259.5,1275,2724.75,0.46,47.22,94.44,530,100
43,11.20,3,2.5,3,12.5,228.5,925,1713.75,0.53,21.51,43.02,430,110
38,8,3,2.5,3,10.9,304,1400,2280,0.61,36.84,73.68,370,124
14,11.28,3.5,3,3,6.96,132,750,1386,0.54,53.37,53.37,390,129
23,15,3.2,3,3,9.44,345,2275,3312,0.68,98.91,197.82,410,119
30,11.28,3.5,3,3,10.16,276,1600,2898,0.55,53.33,106.6,430,110
40,24.5,3.8,3,3,14.86,980,6700,11172,0.59,167.5,167.5,310,122
34,13.0,3.6,3.2,3,11.36,588,4275,6773.76,0.63,125.73,251.46,360,127
34,11.31,3.6,3.2,3,11.02,575,3825,6624,0.57,112.5,225,410,117
37,11.23,3,2.5,3,11.35,199,750,1492.5,0.5,20.27,40.54,450,100
23,12,3.2,3,3,8.84,276,1750,2649.6,0.66,76.08,152.16,350,100
36,6,3,3,3,10.20,216,1025,1944,0.52,28.47,56.94,420,110
36,11.30,3.6,3.2,3,11.42,513,3225,5910,0.53,89.58,179.16,150,119
19,12,4,3,3,8.20,228,1250,2736,0.45,65.78,131.56,330,125
34,11.3,3.2,2.5,3,13,220,1050,1737,0.6,30.88,30.88,350,121
54,9,3,3,3,14.4,486,2325,4374,0.53,43.05,86.1,200,116
21,25,4,3.5,3,14.4,525,3300,7350,0.44,157.14,314.28,340,135
23,20,3.6,3.2,3,14.4,460,3150,5299.2,0.59,136.95,273.9,380,100
20,20,3.6,3.2,3,14.4,400,2500,4608,0.54,125,250,300,120
53,15,3.6,3.2,3,14.4,795,4950,9158.4,0.54,93.39,186.78,400,106
45,11.4,3.5,3,3,14.4,426,2625,4473,0.58,58.33,116.66,280,128
24,8,3.5,3,3,16,192,1250,2016,0.62,52.08,104.16,230,131
9,5,2.8,2.5,3,17,45,125,315,0.39,13.88,13.88,235,131
18,18.5,3.6,3.2,3,9.3,333,2175,3836,0.56,120.84,241.68,360,128
59,11.35,3,3,3,15.9,593,2264,5337,0.42,38.88,77.76,370,120
40,11.27,3,3,3,12.1,354,1700,3186,0.53,42.5,85,360,116
47,11.28,3.25,2.75,3,13.46,375,2375,4048,0.58,50,100,380,123
14,11.29,3.6,3.2,3,7.02,380,2100,3064.32,0.68,150,300,395,118
25,11.28,3.5,3,3,9.16,238,1350,2499,0.54,54,54,280,122
17,15,3,3,4,8.40,255,1335.3,2295,0.58,78.42,78.42,320,120
30,9,3.5,3,3,9.70,270,1575,2835,0.55,52.5,105,370,106
68,25,4,3.2,3,9.55,1700,13386.67,21760,0.61,196.86,196.86,470,106
20,5,3,2.5,3,8.76,100,463.33,750,0.61,23.16,46.33,450,105
32,18,4,3.5,3,9.11,576,3250,8064,0.4,101.56,101.56,410,104
49,11.37,2,2,3,9.10,336,1125,1344,0.83,22.95,45.9,360,106
32,11.30,3.3,3.1,3,52.7,432,2375,4419.36,0.53,74.21,148.43,390,100
25,11.31,3.5,3,3,45.8,287.5,1350,3018.75,0.44,54,108,440,106
20,11.32,3.5,3,3,40.8,240,1250,2520,0.49,62.5,125,420,106
20,11.31,3.5,3,3,40.8,233.5,1250,2451.75,0.5,62.5,125,480,106
13,11.32,4,3.5,3,34.8,325,1813.18,4550,0.39,139.52,270.05,600,106
37,11.31,3,2.8,3,57.1,222,950,1864.8,0.5,25.67,51.34,370,120
46,11.30,3.8,3.4,3,13.5,656,3700,8475.52,0.43,80.93,160.86,350,116
41,11.28,3.6,3.2,3,12.4,820,5850,9446.4,0.61,142.68,285.36,390,124
60,11.28,3,3,3,16.1,436,2211.12,3924,0.56,36.83,73.7,410,118
33,6,3.2,2.8,2,9.4,198,925,1774.08,0.52,28.03,56.06,460,125
22,9,3,3,3,8.0,198,1250,2079,0.6,56.81,113.62,440,125
27,12,3.5,3,3,9.7,324,1850,3402,0.53,68.51,137.02,570,126
46,7,3,2.5,3,12.3,322,1500,2415,0.62,32.6,65.2,350,106
36,11,3,3,3,11.2,396,2050,3564,0.57,56.94,113.88,385,106
28,11.35,2.5,3,3,11.2,199.5,1050,1676.25,0.62,37.5,75,410,106
33,11.28,3.1,3.1,3,11.2,495,2500,4756.95,0.5,75.75,151.51,420,121
18,11.29,3.5,3,3,11.2,216,1150,2268,0.5,63.88,63.88,430,127
38,11.30,3.5,3,3,11.2,424,2675,4452,0.6,70.39,140.78,320,124
33,11.29,3.2,2.8,3,11.2,391,2575,3503.36,0.73,78.03,156.06,340,116
42,11.30,3,2.8,3,11.2,294,1625,2469.6,0.65,38.69,77.38,380,106
36,11.29,3,2.8,3,11.2,270,1425,2268,0.62,39.58,79.16,310,120
40,11.28,4,3,3,11.2,896,6250,10752,0.58,156.25,312.5,320,126
50,7.5,3,2.8,3,11.2,375,1900,3150,0.6,38,76,360,116
8,5.5,3.5,3,2.5,11.2,44,200,462,0.43,25,50,350,119
47,7.5,3,2.8,2.5,11.2,352.5,1950,2961,0.65,41.48,82.96,340,121
44,20,4,3,3,11.2,880,6375,10560,0.6,144.88,144.88,360,120
27,9,3.5,3,3,11.2,243,1500,2551,0.58,55.55,111,280,125
36,11.34,2.8,2.5,2.5,11.2,197.1,1050,1379.7,0.76,29.16,58.33,410,120
62,7,3.2,2.8,2.7,15.54,434,2250,3888.64,0.57,36.29,72.5,390,106
59,7,3,2.8,3,16,413,2275,3469.2,0.65,38.55,77.1,340,106
56,7,3,2.8,2.6,14.28,392,2183.34,3292.8,0.66,38.98,77.96,380,116
8,3,2,2,2.5,3.5,24,41.66,96,0.43,5.2,10.4,450,128
59,4.5,2.5,2,2.5,14.1,265.5,900,1327.5,0.67,15.25,30.5,360,134
42,11.30,3.5,3,3,12.6,556,3575,5838,0.61,85.11,170.22,430,120
49,9,3,3,3,13.4,441,2650,3969,0.66,54.08,108.16,290,123
45,14,3.3,3.1,3,13.7,630,4100,6444.9,0.63,91.11,182.22,410,116
123,10.5,3.5,3,3,28.6,1291.5,7050,13560.75,0.51,57.31,114.62,420,106
41,25,4,3,3,15.2,1025,7500,12300,0.6,182.92,182.92,370,129
92,11.32,3.2,2.8,3,16,844,3825,7562.24,0.54,44.82,89.64,380,112
36,11.32,3.5,3,3,11.4,459,2550,4819.5,0.52,70.83,70.83,360,128
25,16.00,3.3,3.1,3,10.1,400,2525,4092,0.61,101,101,410,106
48,11.33,3.8,3.2,3,13.9,1216,9000,14786.56,0.6,187.5,187.5,440,118
50,11.33,3.6,3.2,3,12,1011.6,5750,11653.63,0.49,115,230,420,129
88,6.50,3,2.8,3,14,572,2925,4804.8,0.6,33.23,66.46,340,125
30,11.32,3,2.8,3,16,207,900,1738.8,0.54,30,60,330,120
42,10.00,3,2.8,3,12.16,420,2325,3528,0.65,55.35,110.71,530,106
24,9.50,3.5,3,2.5,12.16,228,1250,2394,0.52,52,104,380,106
69,9.50,3,2.8,3,13,655.5,3250,5506.2,0.59,47.1,94.2,380,120
81,8.50,3,2.8,3,19.66,688.5,3750,5783.4,0.64,46.29,92.58,360,106
262,11.31,1,0.6,2.5,22,2882,15720,60500,0.25,60,540,290,115
24,11.00,3,3,3,8.8,264,1513.9,2376,0.63,63.07,63.07,205,122
42,11.31,3.3,3.1,2.8,7,651,3325,6659.73,0.49,79.16,158.33,380,106
107,11.31,3,2.8,3,9,779.5,4425,6547.8,0.67,41.35,82.7,310,110
31,6.00,3.3,2.8,2.8,11,186,775,1718.64,0.45,25,50,340,126
34,11.30,3.5,3,3,10.96,381,2050,4000,0.51,60.29,120.5,330,125
28,11.30,3.2,2.5,2.8,13,197.5,991.68,1580,0.62,35.41,70.82,350,124
50,7.00,3.2,3,3,11,350,1925,3360,0.57,38.5,77,360,120
29,11.29,2.8,2.5,3,14,162,500,1134,0.44,17.24,34.48,380,119
56,11.29,3.5,3,3,15.4,698,3900,7329,0.53,69.64,139.28,390,116
70,11.29,3,2.5,3,18.0,480,2500,3600,0.69,35.71,71.42,340,127
37,11.29,3.5,3,3,11.6,417,2600,4378.5,0.59,69.81,139.63,410,120
40,11.29,3.2,2.8,3,12.1,264,1375,2365.44,0.58,34.37,68.75,310,123
18,11.29,3,3,3,7.7,168,925,1512,0.61,51.38,102.76,660,123
61,20.50,3.5,3.3,3,18.3,1250.5,7775,14443.275,0.53,127.45,254.9,410,124
110,11.31,2.8,3.1,3,9,700,4400,6944,0.63,40,80,340,129
18,11.31,3,3,3,7.7,188,900,1692,0.53,50,100,660,129
45,25.00,3.8,3.2,3,16.0,1125,7450,13680,0.54,165.55,331.11,390,130
57,11.33,3.2,2.8,3,15.5,662,3300,5931.52,0.55,57.89,115.78,410,122
90,11.33,3.2,2.8,2.8,9,722,2650,6469.12,0.4,29.44,58.88,280,126
29,11.33,3.8,3.2,3,10.07,675,3550,8208,0.43,122.41,122.41,450,112
29,11.33,2.8,2.8,2.5,9.69,218,975,1764,0.55,33.62,67.24,440,118
27,10.00,3.5,3,3,9.30,270,1500,2835,0.52,55.55,111.1,260,124
16,11.33,3,2.8,3,7.23,128,500,1075.2,0.46,31.25,62.5,460,120
17,5.00,2.8,2.5,3,8,85,300,595,0.5,17.64,35.28,480,116
45,11.32,3.2,2.5,3,13.0,472.5,2735.42,3780,0.72,54.21,108.42,460,109
20,12.00,3.5,3,3,8.3,240,1250,2520,0.49,62.5,125,420,106
20,11.68,3.5,3,3,11,233.5,1250,2451.75,0.5,62.5,125,480,106
13,25.00,4,3.5,3,9.7,325,1813.18,4550,0.39,139.52,270.05,600,106
37,6.00,3,2.8,3,13,222,950,1864.8,0.5,25.67,51.34,370,120
46,14.26,3.8,3.4,3,14.09,656,3700,8475.52,0.43,80.93,160.86,350,116
41,20.00,3.6,3.2,3,13,820,5850,9446.4,0.61,142.68,285.36,390,124
60,7.27,3,3,3,12,436,2211.12,3924,0.56,36.83,73.7,410,118
33,6.00,3.2,2.8,2,11,198,925,1774.08,0.52,28.03,56.06,460,125
22,9.00,3,3,3,8,198,1250,2079,0.6,56.81,113.62,440,125
27,12.00,3.5,3,3,8,324,1850,3402,0.53,68.51,137.02,570,126
46,7.00,3,2.5,3,8,322,1500,2415,0.62,32.6,65.2,350,106
36,11.00,3,3,3,8,396,2050,3564,0.57,56.94,113.88,385,106
28,7.13,3.5,3.5,3,9,199.5,1050,1676.25,0.62,37.5,75,410,106
33,15.00,3.1,3.1,3,11.44,495,2500,4756.95,0.5,75.75,151.51,420,119
18,12.00,3.5,3,3,12,216,1150,2268,0.5,63.88,63.88,430,127
38,11.16,3.5,3,3,11.73,424,2675,4452,0.6,70.39,140.78,320,124
33,11.85,3.2,2.8,3,10.77,391,2575,3503.36,0.73,78.03,156.06,340,116
42,7.00,3,2.8,3,11.56,294,1625,2469.6,0.65,38.69,77.38,380,106
36,7.50,3,2.8,3,12,270,1425,2268,0.62,39.58,79.16,310,120
40,22.40,4,3,3,14.48,896,6250,10752,0.58,156.25,312.5,320,126
50,7.50,3,2.8,3,14.48,375,1900,3150,0.6,38,76,360,116
8,5.50,3.5,3,2.5,14.48,44,200,462,0.43,25,50,350,117
47,7.50,3,2.8,2.5,14.48,352.5,1950,2961,0.65,41.48,82.96,340,119
44,20.00,4,3,3,14.48,880,6375,10560,0.6,144.88,144.88,360,120
27,9.00,3.5,3,3,14.48,243,1500,2551,0.58,55.55,111,280,125
36,5.48,2.8,2.5,2.5,14.48,197.1,1050,1379.7,0.76,29.16,58.33,410,120
62,7.00,3.2,2.8,2.7,14.48,434,2250,3888.64,0.57,36.29,72.5,390,106
59,7.00,3,2.8,3,14.48,413,2275,3469.2,0.65,38.55,77.1,340,106
56,7.00,3,2.8,2.6,14.48,392,2183.34,3292.8,0.66,38.98,77.96,380,116
8,3.00,2,2,2.5,16,24,41.66,96,0.43,5.2,10.4,450,124
59,4.50,2.5,2,2.5,17,265.5,900,1327.5,0.67,15.25,30.5,360,134
42,13.24,3.5,3,3,18,556,3575,5838,0.61,85.11,170.22,430,120
49,9.00,3,3,3,19,441,2650,3969,0.66,54.08,108.16,290,123
45,14.00,3.3,3.1,3,13.68,630,4100,6444.9,0.63,91.11,182.22,410,116
123,10.50,3.5,3,3,14,1291.5,7050,13560.75,0.51,57.31,114.62,420,106
41,25.00,4,3,3,15,1025,7500,12300,0.6,182.92,182.92,370,129
92,9.17,3.2,2.8,3,22.03,844,3825,7562.24,0.54,44.82,89.64,380,112
36,12.75,3.5,3,3,11.65,459,2550,4819.5,0.52,70.83,70.83,360,128
25,16.00,3.3,3.1,3,10.08,400,2525,4092,0.61,101,101,410,106
48,25.33,3.8,3.2,3,16.67,1216,9000,14786.56,0.6,187.5,187.5,440,118
50,20.23,3.6,3.2,3,16.01,1011.6,5750,11653.63,0.49,115,230,420,129
88,6.50,3,2.8,3,18,572,2925,4804.8,0.6,33.23,66.46,340,125
30,6.90,3,2.8,3,19,207,900,1738.8,0.54,30,60,330,120
42,10.00,3,2.8,3,20,420,2325,3528,0.65,55.35,110.71,530,106
24,9.50,3.5,3,2.5,21,228,1250,2394,0.52,52,104,380,106
69,9.50,3,2.8,3,17.46,655.5,3250,5506.2,0.59,47.1,94.2,380,120
81,8.50,3,2.8,3,18,688.5,3750,5783.4,0.64,46.29,92.58,360,106
262,11.00,1,0.6,2.5,19,2882,15720,60500,0.25,60,540,290,117
24,11.00,3,3,3,8.8,264,1513.9,2376,0.63,63.07,63.07,205,122
42,15.50,3.3,3.1,2.8,8.8,651,3325,6659.73,0.49,79.16,158.33,380,106
107,7.29,3,2.8,3,8.8,779.5,4425,6547.8,0.67,41.35,82.7,310,110
31,6.00,3.3,2.8,2.8,8.8,186,775,1718.64,0.45,25,50,340,126
34,11.21,3.5,3,3,8.8,381,2050,4000,0.51,60.29,120.5,350,125
28,7.05,3.2,2.5,2.8,10,197.5,991.68,1580,0.62,35.41,70.82,360,124
50,7.00,3.2,3,3,9,350,1925,3360,0.57,38.5,77,370,121
29,5.59,2.8,2.5,3,11,162,500,1134,0.44,17.24,34.48,380,118
56,12.46,3.5,3,3,12,698,3900,7329,0.53,69.64,139.28,390,116
70,6.86,3,2.5,3,17.1,480,2500,3600,0.69,35.71,71.42,340,127
37,11.27,3.5,3,3,11.6,417,2600,4378.5,0.59,69.81,139.63,410,120
40,6.60,3.2,2.8,3,11.1,264,1375,2365.44,0.58,34.37,68.75,310,123
18,9.33,3,3,3,7.27,168,925,1512,0.61,51.38,102.76,660,123
61,20.50,3.5,3.3,3,18.26,1250.5,7775,14443.275,0.53,127.45,254.9,410,124
110,6.36,2.8,3.1,3,25.05,700,4400,6944,0.63,40,80,340,129
18,10.44,3,3,3,7.49,188,900,1692,0.53,50,100,660,NILL
45,25.00,3.8,3.2,3,16.00,1125,7450,13680,0.54,165.55,331.11,390,130
57,11.61,3.2,2.8,3,15.52,662,3300,5931.52,0.55,57.89,115.78,410,122
90,8.02,3.2,2.8,2.8,21.36,722,2650,6469.12,0.4,29.44,58.88,280,126
29,23.28,3.8,3.2,3,12.46,675,3550,8208,0.43,122.41,122.41,450,112
29,7.52,3,3,2.5,NILL,218,975,1764,0.55,33.62,67.24,440,118
27,10.00,3.5,3,3,9.3,270,1500,2835,0.52,55.55,111.1,260,124
28,14.00,3.5,3,3,9.3,392,3300.7,4116,0.45,66.96,133.92,270,123
40,11.30,3,3,2.5,9.3,263.5,3355.7,2371.5,0.52,31.25,62.5,280,124
35,19.00,4,3,3,9.3,665,3410.68,7890,0.53,122.85,245.7,290,125
75,8.00,3,3,3,9.3,600,3465.66,5400,0.55,40,80,119,131
33,11.30,3,3,3,9.3,393,3520.65,3537,0.6,64.39,128.78,1.99,142
39,5.00,3,3,3,9.3,195,3575.64,1755,0.37,16.66,33.33,1.21,153
46,7.60,3.5,3,3,9.3,349.6,3630.63,3915.52,0.52,45.1,90.2,0.99,161
52,11.29,3,3,3,9.3,387,3685.61,3483,0.55,37.01,74.03,0.889,174
30,11.29,3,3,3,9.3,310,3740.60,2790,0.56,52.5,105,3.3,184
45,9.00,3,2.5,3,9.3,405,3795.59,3075.5,0.57,38.88,77.77,2.16,196
19,12.00,3.5,3,3,9.3,228,3850.57,2394,0.69,88.15,176.3,1.14,121
30,11.00,3,3,3,9.3,330,3905.56,2970,0.63,62.5,125,1.78,132
18,8.00,3,2.5,3,9.3,144,3960.55,1080,0.69,41.66,83.22,1.65,143
41,11.29,3,3,3,9.3,360.5,4015.54,3244.5,0.67,53.65,107.3,8.26,154
44,6.00,3,2.6,3,9.3,264,4070.52,2059.2,0.6,28.4,56.8,8.26,165
61,11.28,3.1,2.8,3,9.3,625,4125.51,5425,0.64,57.37,114.75,9.4,176
36,19.00,3.6,3.2,3,9.3,684,4180.50,7879.68,0.68,150,300,7.11,187
22,24.00,4,3.3,3,9.3,528,4235.49,6969.6,0.63,200,400,5.46,198
30,9.00,3.5,3,3,9.3,270,4290.47,2835,0.59,56.66,113.33,2.03,128
54,14.00,3.5,3,3,15.5,756,4345.46,7938,0.5,75,150,2.41,137
30,20.00,3.6,3.2,3,15.5,600,4400.45,6912,0.67,156.66,313.32,4.06,146
90,11.32,4.2,3.2,3,15.5,1815,4455.44,24393,0.52,142.77,285.55,7.87,155
51,11.32,3.2,3,3,15.5,702,4455.44,6739.2,0.46,61.76,123.52,8.51,164
35,11.32,3.6,3.2,3,15.5,490,4455.44,5644.8,0.51,75,150,1.52,173
61,11.32,3.6,3.2,3,15.5,774,4455.44,8916.48,0.5,74.18,148.36,13.3,182
40,11.32,3.6,3.2,3,16.0,532,4455.44,6128.64,0.57,87.5,175,7.75,191
38,11.32,3.6,3.2,3,17.0,805,4455.44,9273.6,0.57,140.13,280.26,6.35,209
25,11.32,3.8,3.3,3,18.0,674,4455.44,8451.96,0.59,205,410,7.11,128
54,11.32,3,2.5,3,19.0,472,4455.44,3540,0.64,42.12,84.25,NA,137
21,11.32,3,3,2.8,8.2,95.5,4455.44,859.5,0.49,20.23,40.47,NA,146
43,11.32,3,2.8,2.8,8.2,233,4455.44,1957.2,0.35,16.27,32.55,NA,155
34,9.00,3,3,3,8.2,306,4455.44,2754,0.56,45.9,91.8,1.14,164
23,8.00,3.5,3,3,8.2,184,4455.44,1932,0.45,38.04,76.08,1.02,173
20,15.00,3.6,3.2,3,8.2,300,4455.44,3456,0.54,93.75,187.5,1.52,182
16,11.31,2.5,2.5,2.8,8.2,64,4455.44,400,0.37,9.41,18.82,3.18,191
131,11.31,3.2,2.8,3,11,826,4455.44,5465,0.53,22.13,44.27,1.14,185
33,11.31,3.8,3.2,3,12,714714.78,4455.44,8691.72,0.63,166.66,166.66,7.49,196
27,7.50,3.5,3,3,13,202.5,4455.44,2126.25,0.52,41.66,83.32,0.762,187
87,11.31,3.6,3.2,3,14,1312.5,4455.44,15120,0.5,87.35,174.7,5.08,178
47,11.31,3.75,3.25,3,12,586,4455.44,7141.8,0.48,73.4,146.8,1.27,169
20,15.00,3.75,3.25,3,12,300,4455.44,3656.25,0.49,90,180,1.27,151
21,15.00,3.6,3.2,3,12,315,4455.44,3402,0.63,102.34,204.76,0.508,142
31,5.00,2.8,2.5,2.8,12,155,4455.44,1085,0.57,20.16,40.32,3.43,133
58,11.31,3,3,3,12,506.9,4455.44,4562.1,0.47,37.5,75,5.21,124
33,11.31,3.6,3.2,3,12,685,4455.44,7891.2,0.55,132.57,265.14,6.35,195
53,11.31,3.5,3,3,12.14,782,4455.44,8211,0.6,94.34,188.68,3.81,186
43,11.31,3.6,3.2,3,12.156,628,4455.44,7234.56,0.49,83.72,167.44,2.54,177
53,11.31,3.6,3.2,3,12.463,1149.04,4455.44,13236.94,0.54,136.32,272.64,7.75,168
44,11.31,3.5,3,2.8,9,306,4455.44,3213,0.52,38.63,77.27,3.56,159
19,10.00,4,4,3,8,190,4455.44,2280,0.48,58.38,116.76,7.75,141
27,11.31,3.5,3,3,8,259.5,6050.07,2724.75,0.46,47.22,94.44,1.78,132
43,11.31,3,2.5,3,8,228.5,6050.07,1713.75,0.53,21.51,43.02,0.635,123
38,8.00,3,2.5,3,8,304,6050.07,2280,0.61,36.84,73.68,4.7,197
14,11.30,3.5,3,3,8,132,6050.07,1386,0.54,53.37,53.37,5.6,192
23,15.00,3.2,3,3,8,345,6050.07,3312,0.68,98.91,197.82,4.3,189
30,11.31,3.5,3,3,9.123,276,6050.07,2898,0.55,53.33,106.6,2.79,182
40,24.50,3.8,3,3,9.246,980,6379.99,11172,0.59,167.5,167.5,5.08,171
34,11.32,3.6,3.2,3,10.146,588,6379.99,6773.76,0.63,125.73,251.46,5.72,168
34,11.32,3.6,3.2,3,10.699,575,6379.99,6624,0.57,112.5,225,3.18,162
37,11.32,3,2.5,3,11.36,199,6379.99,1492.5,0.5,20.27,40.54,0.635,158
23,12.00,3.2,3,3,11.36,276,6379.99,2649.6,0.66,76.08,152.16,3.18,152
36,6.00,3,3,3,11.36,216,6379.99,1944,0.52,28.47,56.94,1.4,150
36,11.32,3.6,3.2,3,11.36,513,6709.92,5910,0.53,89.58,179.16,27.4,148
19,12.00,4,3,3,11.36,228,6709.92,2736,0.45,65.78,131.56,3.18,143
34,11.32,3.2,2.5,3,11.36,220,6709.92,1737,0.6,30.88,30.88,1.14,141
54,9.00,3,3,3,11.4,486,6874.88,4374,0.53,43.05,86.1,2.79,137
21,25.00,4,3.5,3,12.19,525,6874.88,7350,0.44,157.14,314.28,5.72,134
23,20.00,3.6,3.2,3,13.15,460,6874.88,5299.2,0.59,136.95,273.9,1.27,131
20,20.00,3.6,3.2,3,14.4,400,6874.88,4608,0.54,125,250,3.94,128
53,15.00,3.6,3.2,3,15.56,795,7094.83,9158.4,0.54,93.39,186.78,3.18,125
45,11.36,3.5,3,3,15.56,426,7094.83,4473,0.58,58.33,116.66,9.4,126
24,8.00,3.5,3,3,15.56,192,7094.83,2016,0.62,52.08,104.16,13.7,122
9,5.00,2.8,2.5,3,15.56,45,7094.83,315,0.39,13.88,13.88,13.7,120
